"","ONTOLOGY","ID","Description","setSize","enrichmentScore","NES","pvalue","p.adjust","qvalue","rank","leading_edge","core_enrichment"
"GO:0022613","BP","GO:0022613","ribonucleoprotein complex biogenesis",401,-0.535403107240384,-2.34505876738375,1.49341283739925e-18,1.14216213804294e-14,9.52797390260719e-15,4258,"tags=63%, list=31%, signal=45%","Gemin7/Prmt7/Yju2/Srpk1/Naf1/Exosc9/C1d/Urb1/Ddx54/Tsr2/Rexo4/Eri1/Mief1/Eif6/Srsf1/Gtf2h5/Nup88/Afg2a/Surf6/Exosc4/Wdr3/Eif3m/Nufip1/Psip1/Tsr3/Esf1/Sf3a1/Grwd1/Utp25/Rpp40/Noa1/Ncbp1/Eif3j/Ddx52/Ddx10/Mphosph6/Utp11/Aatf/Las1l/Wbp11/Nsa2/Mdn1/Rps9/Eif3g/Riox2/Nol11/Mterf4/Dcaf13/Sde2/Rps13/Rps6/Rpsa/Utp6/Pdcd11/Ddx31/Pes1/Usp36/Dkc1/Rrn3/Rps5/Gtpbp4/Clns1a/Dhx29/Fau/Sdad1/Lsm6/Rpl6/Rps8/Snrpe/Prpf31/Abt1/Rps27/Imp3/Wdr36/Rps11/Dhx37/Ddx27/Rrp8/Tssc4/Ddx39b/Urb2/Dimt1/Tarbp2/Malsu1/Fastkd2/Mphosph10/Rrp7a/Eif3k/Ercc2/Gemin8/Xrcc5/Rrp1/Nob1/Nsun5/Rps19bp1/Xpo1/Nopchap1/Imp4/Srfbp1/Sf3a3/Fcf1/Rpl26/Isg20l2/Clp1/Gemin5/Brix1/Nmd3/Usp39/Rpl7l1/Hsp90ab1/Rps28/Utp3/Rpl7a/Ramac/Rrp15/Rbis/Rrp1b/Ltv1/Nop14/Gtpbp10/Pwp1/Tbl3/Snrpd1/Eif2d/Rrs1/Rbmxl1/Rplp0/Utp14a/Wdr18/Rpl24/Eif3b/Pelp1/Rpl23a/Heatr1/Wdr46/Rps19/Sf3a2/Nol9/Rps14/Exosc7/Pwp2/Nop9/Utp15/Rps2/Ddx49/Heatr3/Ncl/Eif3i/Rrp12/Mak16/Rps15/Ddx18/Snrpf/Rps24/Rpl14/Riok2/Rpl35a/Wdr43/Denr/Ftsj3/Snrpd3/Eif1ax/Snrpb/Mrpl20/Mrm3/Rps7-ps23/Noc2l/Rps10/Rpl27/Rpl10a/Gar1/Rpl13a/Eif4a3/Ruvbl1/Mrps2/Nle1/Nifk/Rpl11/Abce1/Exosc8/Ptges3/Smn1/Snrpd2/Rrp9/Ruvbl2/Wdr12/Rpf2/Shq1/Rps16/Npm1/Strap/Eif3d/Lyar/Rps15a/Taf9/Rpl35/Rps21/Ddx21/Eif3c/Utp18/Rps12/Bysl/Polr2d/Prmt5/Tma16/Tsr1/Eif2s2/Rps27a/C1qbp/Rpp25/Nol10/Fbl/Nop2/Pno1/Rps23/Npm3/Pa2g4/Bud23/Snrpc/Nip7/Rps25/Rcl1/Mrps7/Pop4/Noc4l/Nop16/Rps17/Lsm4/Bop1/Cinp/Ebna1bp2/Ppan/Nop58/Snu13/Nop56/Exosc2/Celf2/Mrto4/Pin4/Rpl38/Utp4/Snrpg/Lsm2/Ran/Nop10/Nhp2/Rps27l/Emg1/Hsp90aa1/Pak1ip1/Srsf12/Cdkn2a"
"GO:0006364","BP","GO:0006364","rRNA processing",185,-0.617005103452508,-2.50171555941158,1.6206086580494e-14,2.47888300335236e-11,2.06789664767103e-11,4196,"tags=72%, list=31%, signal=51%","Naf1/Exosc9/C1d/Urb1/Ddx54/Tsr2/Rexo4/Eri1/Eif6/Gtf2h5/Exosc4/Wdr3/Tsr3/Esf1/Utp25/Rpp40/Ddx52/Ddx10/Mphosph6/Utp11/Las1l/Wbp11/Nsa2/Nol11/Mterf4/Dcaf13/Sde2/Rps6/Utp6/Pdcd11/Pes1/Usp36/Dkc1/Gtpbp4/Lsm6/Rps8/Abt1/Rps27/Imp3/Wdr36/Dhx37/Ddx27/Rrp8/Dimt1/Mphosph10/Rrp7a/Ercc2/Rrp1/Nob1/Nsun5/Imp4/Srfbp1/Fcf1/Rpl26/Brix1/Rpl7l1/Rps28/Utp3/Rpl7a/Rrp15/Rrp1b/Nop14/Pwp1/Tbl3/Rrs1/Utp14a/Wdr18/Pelp1/Heatr1/Wdr46/Rps19/Nol9/Rps14/Exosc7/Pwp2/Nop9/Utp15/Ddx49/Ncl/Rrp12/Mak16/Rps15/Ddx18/Rps24/Rpl14/Riok2/Rpl35a/Wdr43/Ftsj3/Mrm3/Rpl27/Rpl10a/Gar1/Eif4a3/Nifk/Rpl11/Exosc8/Rrp9/Wdr12/Rpf2/Shq1/Rps16/Npm1/Lyar/Rpl35/Rps21/Ddx21/Utp18/Bysl/Tsr1/Rpp25/Nol10/Fbl/Nop2/Npm3/Pa2g4/Bud23/Rps25/Rcl1/Pop4/Rps17/Bop1/Ebna1bp2/Ppan/Snu13/Exosc2/Mrto4/Pin4/Utp4/Nop10/Nhp2/Emg1/Cdkn2a"
"GO:0042742","BP","GO:0042742","defense response to bacterium",195,-0.562708564959042,-2.29246310072649,4.18147436229871e-11,2.59846923817292e-08,2.16765608519132e-08,1228,"tags=25%, list=9%, signal=23%","Tnfaip8/Arg2/Plac8/F2rl1/Clec4d/Dmbt1/Emilin2/Rnase9/Tlr2/Tnfrsf1a/Defa8/Clec4e/Defa24/Cebpb/Ppl/Lyz2/Nfkbiz/Lyc2/Nod2/Gsdma/Anxa3/Hp/Pglyrp1/Casp4/Epha2/Trem1/Bpifc/Defal1/Adamts4/Pla2g2a/Bcl3/Il1b/Defa6/Tnf/Il23a/Lyg2/Il10/Muc5b/Cxcl6/Jchain/Serpine1/Lcn2/Mmp7/Nos2/Il17a/Wfdc21/Wfdc18/Reg3g/Reg3b"
"GO:0071805","BP","GO:0071805","potassium ion transmembrane transport",124,0.620617708817286,2.23916389350636,4.7566120991659e-11,2.59846923817292e-08,2.16765608519132e-08,3018,"tags=58%, list=22%, signal=46%","Kcnd3/Atp1a2/Kcnk16/Kcnh6/Kcnj11/Ptger3/Slc9a3/Slc9a2/Kcnb1/Trpm5/Kcnq4/Akap6/Abcc8/Kcnk3/Edn3/Snap25/Kcnab1/Slc9a7/Kcna2/Kcnip3/Akap7/Kcnn3/Kcnh8/Kcnj5/Kcnmb1/Slc12a3/Kcnk5/Wnk2/Kcnd2/Cav1/Slc12a8/Kcng3/Slc9a4/Lrrc26/Kcne2/Slc24a3/Kcnh1/Atp1b2/Kcnk2/Kcna6/Akap9/Kcnip2/Slc12a6/Slc1a3/P2ry12/Pkd2/Kcnj12/Kcnd1/Kcnab2/Tmco3/Fxyd4/Kcnn4/Large1/Dpp6/Slc12a2/Abcc9/Fxyd2/Kcnq1/Kcnk10/Aqp1/Slc12a7/Kcnma1/Cacna1d/Tmem38a/Kcnt1/Stk39/Atp1a3/Kcns3/Atp1b1/Rnf207/Amigo1/Kcnh3"
"GO:0051276","BP","GO:0051276","chromosome organization",483,-0.430429333239657,-1.91583638253288,4.50718590351909e-11,2.59846923817292e-08,2.16765608519132e-08,3138,"tags=39%, list=23%, signal=31%","Rec8/Zcwpw1/H1f10/Drg1/Mzt1/Src/Rab11a/Smchd1/Dsn1/Gins2/Kpnb1/Smc4/G3bp1/Gins3/Ssbp1/Ercc2/Phf13/Ddx1/Mcm2/Xrcc5/Top1mt/Anapc5/Sirt6/Gen1/Pphln1/Mad2l1bp/Itpa/Cct2/Poldip2/Nasp/Kif2c/Mapre1/Psmc3ip/Cct7/Cct5/Gem/Hsp90ab1/Ncapd3/Cct4/Nup62/Ercc1/Mcm7/Rrs1/Bccip/Mcm3/Wdhd1/Ncapd2/Tinf2/Kif14/Fbxo5/Tcp1/Mcm6/Ddx11/Actl6a/Uchl5/Kif18a/Psmg2/Ncapg2/Nup133/Hat1/Apex1/Cct3/Farsa/Riok2/Atf7ip2/Chtf18/Cct8/Cenph/Pif1/Anapc15/Cenpo/Gar1/Rfc3/Ruvbl1/Hmgb2l1/Itgb3bp/Tubg1/Ptges3/Spdl1/Rad51c/Ruvbl2/Knstrn/Blm/Phb2/Gins4/Cdk2/Knl1/Nusap1/Kntc1/Dscc1/Tp53/Smc2/Kif4a/Cit/Naa50/Haspin/Naa10/Rfc5/Nup107/Nup155/Ndc1/Prickle1/Hmgb2/Cdc6/Kif18b/Kif11/Rpa2/Cenpe/Sgo2/Mcm4/Gnl3/Xrcc3/Rad54l/Hjurp/Cct6a/Nek6/Pcna/Brip1/Dlgap5/Nsl1/Nudc/Rfc2/Pttg1/Tpx2/Rad51/Nek2/Mastl/Kifc1/Espl1/Fen1/Mcm5/Ncapg/Prc1/Pinx1/Cdca8/Aaas/Sgo1/Bub1b/Kif23/Cenpp/Cenpn/Ncaph/Bub1/Ndc80/Racgap1/Ccne2/Zwilch/Myc/Cdc45/Cenpk/Cdca5/Top2a/Cenpa/Aurkb/Tacc3/Ccnb1ip1/Fancd2/Trip13/Ran/Mcm8/Nop10/Mis18a/Nhp2/Spag5/Rfc4/Nuf2/Ttk/Esco2/Hsp90aa1/Recql4/Mad2l1/Cdc20/Ccnb1/Cenpt/Plk1/Klhl22/Gins1/Cenpi/Anxa1/Pkib/Cenpw/Ube2c/Mybl2/Birc5/Cdk1/Majin/Hspa1a/Ccne1/Bnc1"
"GO:0032496","BP","GO:0032496","response to lipopolysaccharide",395,-0.456813036418675,-2.00002225273832,1.53864119076305e-10,6.92207519232696e-08,5.7744298806284e-08,897,"tags=19%, list=7%, signal=19%","Tlr2/Zfp36/Hif1a/Mir24-2/Il18bp/Cd55/Tnfrsf1a/Defa8/Arg1/Cx3cl1/Defa24/Cyp27b1/Fgf10/Plscr1/Tnfrsf1b/Cebpb/Sod2/Ccl2/Sbno2/Nqo1/Mmp3/Alpl/Fos/Mif/Nfkbiz/Ccl20/Prdm1/Gjb2/Csf2rb/Ido1/Selp/Nod2/F3/Tnfaip3/Plau/Tnip3/Pde4b/Hp/Casp4/Esr2/Trem1/Bdkrb1/Mgst1/Gja1/P2ry2/Defal1/Nr4a1/Arid5a/Nuggc/Zc3h12a/Il1b/Tac1/Socs1/Defa6/Mmp9/Tnf/Ass1/Cited1/Mmp8/Adm/Ggt1/Il1a/Il10/Cxcl3/Cxcl6/Serpine1/Lcn2/Cxcl2/Cxcl1/Socs3/Ptgs2/Nos2/S100a8/S100a9/Nppb/Cyp1a1/Csf3"
"GO:0006959","BP","GO:0006959","humoral immune response",137,-0.606819472580431,-2.35412435018535,4.51875916938109e-10,1.23426679026523e-07,1.02963155359469e-07,874,"tags=29%, list=6%, signal=28%","Ccl12/Cd55/Defa8/Spns2/Tnfrsf21/C6/Gapdh/C2/Defa24/Rpl39/Ppl/Ccl20/Nod2/Pglyrp1/Fcer2/Defal1/Bcl3/Il1b/Gata3/Tac1/Defa6/Tnf/Ccl25/Adm/Npy/Cxcl3/Cxcl6/Jchain/Cxcl2/Mmp7/Cxcl1/C3/Il17a/S100a9/Nppb/Cfi/Wfdc21/Wfdc18/Reg3g/Reg3b"
"GO:0030216","BP","GO:0030216","keratinocyte differentiation",104,-0.650745129544978,-2.43592702421913,1.27457758921563e-09,2.56525510587398e-07,2.13994868926203e-07,1222,"tags=27%, list=9%, signal=25%","Adam9/Sfn/Trim16/Dsg4/Zfp36/Krt75/Cdkn1a/Nme2/Cyp27b1/Anxa1/Krt85/Nfkbiz/Grhl1/Epha2/Msx2/Krt36/Pnpla1/Krt79/Sprr1a/Il1a/Tgm1/Cdkn2a/Krt87/Il17a/Krt84/Abca12/Reg3g/Reg3b"
"GO:0050727","BP","GO:0050727","regulation of inflammatory response",309,-0.465616073924207,-1.99128762149778,2.47184523551496e-09,4.471297338526e-07,3.72997868982687e-07,897,"tags=20%, list=7%, signal=19%","Tlr2/Zfp36/Cd276/Il1rl1/Fancd2/Tnfrsf1a/Tnfsf18/Pbk/Cx3cl1/Zbp1/Tnfrsf1b/Cebpb/Sema7a/Anxa1/Sbno2/Adam8/Mif/Nfkbiz/Cxcl17/Pla2g2d/Ido1/Cd44/Adora2a/Tmsb4x/Nod2/Tnfaip3/Pla2g5/Pglyrp1/Casp4/Tnfaip6/Duoxa1/C2cd4b/Alox15/Ier3/Il1b/Gpr4/Gpx2/Nlrp12/Gata3/Tac1/Sting1/Tnf/Mmp8/Ggt1/Npy/Armh4/Il10/Duoxa2/Adipoq/Serpine1/Osm/C3/Socs3/Tnfsf11/Ptgs2/S100a8/Il17a/S100a9/Lgals2/Il22/Reg3g/Reg3b"
"GO:0042391","BP","GO:0042391","regulation of membrane potential",341,0.473974587814254,1.89282354874914,2.55299925661062e-09,4.471297338526e-07,3.72997868982687e-07,2334,"tags=34%, list=17%, signal=29%","Ghrl/Scn7a/Slc26a3/Kcnd3/Trpv1/Trpc4/Best2/Kcnk16/Kcnh6/Kcnj11/Casq2/Rims1/Chrna7/Nrcam/Adora1/Gria2/Gabrb3/P2rx5/Rimbp2/Chrm1/Ryr2/Kcnb1/Tacr1/Scn3a/Ank2/Cnr1/Akap6/Snap91/Fxyd1/Piezo2/Scn4b/Nr3c2/Bco2/Sez6/Pex5l/Kcnk3/Cacna1h/Adrb1/Scn3b/Gria4/Cacnb2/Kcna2/Cacna1c/Abat/Cacna2d1/Shank3/Akap7/Pclo/Slc6a4/Fhl1/Kcnh8/Ano1/Gna14/Kcnj5/Ehd3/Kcnk5/Edn1/Kcnd2/Cav1/Cd36/Gabrr2/Lrrk2/Gja5/Mpp2/Pink1/Begain/Agt/Scn2b/Kcne2/Reln/Kcnh1/Atp1b2/Slc29a1/Kcnk2/Grin1/P2rx3/Ank3/Syne1/Gpr88/Cftr/Slc8a3/P2rx1/Kdr/P2rx7/Slc4a8/Ngfr/Actn2/Gimap5/Adcy10/Slc4a3/Pmp22/Igsf9b/Rapgef4/Akap9/Npr2/Kcnip2/Scn1b/Foxp1/P2rx2/Trem2/Kcnab2/Cacna1a/Dbn1/Nlgn3/Nos1ap/Cacnb3/Trpm4/Popdc2/Kcnn4/Rnf122/Grin2d/P2rx6/Dpp6/Spart/Abcc9/Slc25a36/Kcnq1"
"GO:0007186","BP","GO:0007186","G protein-coupled receptor signaling pathway",483,0.418011024526834,1.71544778204504,1.6760022842787e-08,2.41850291889877e-06,2.01752727805624e-06,2140,"tags=32%, list=16%, signal=28%","Ghrl/Tacr2/Edn2/Vip/Apoa1/Gcgr/Ppy/Rgs8/Mrap2/Gcg/Casr/Scg5/Avpr1b/Tac3/Sstr1/Adgrb2/Gpr37/Ms4a2/Ackr2/Pyy/Nmu/Chga/Ptger3/Npy1r/Olr35/Hpgd/Rgs13/Adcyap1r1/Adora1/Ccl21/Baiap3/Syp/Adora2b/Ccl24/Chrm1/Olr1585/Mrgprb2/Tacr1/Tmod2/Cnr1/Xcr1/Gpr85/Gpr174/Dgkg/Adcy5/Nr3c2/Ptger1/Adgre4/Tafa5/Plcd1/Adrb1/Olr59/Ackr1/Gpr158/Cysltr1/Vipr1/Sstr2/Gpr150/Gpr156/Fzd5/Rgs18/Pik3cg/Tcp11/Ano1/Adora3/Gpr160/Gna14/Lgr5/Gpr146/Fzd4/Rgs6/Or5au1/Adcy2/Edn1/Calcrl/Hrh1/Cav1/Vipr2/Agtr1a/Ccr2/Gipr/Cxcr3/P2ry4/Ackr4/Agt/Grk3/Gpr63/Adcy1/Pik3r6/Adgrd1/Kcnk2/Gpr52/Prkcb/Gnaz/Gpr65/Gnat3/P2ry1/Lpar1/Adgrg3/Gpr141/Mrgprf/Abca1/Gpr18/Gpr88/Prkca/Aplnr/Stim1/Gnb5/Chrm3/Ffar2/Actn2/Smo/Glp2r/Insr/Car2/Adra1d/Rapgef4/Kctd12b/Pcsk1n/Prex2/Ccl5/Plcb1/Fzd9/P2ry12/Nlrp6/Ghrhr/Pde2a/Akap12/Or51e1/Pth1r/Dgkh/Adgrg7/Gng8/Or13a27b/Adgrl1/Rgs12/Rxfp1/Ccr6/C3ar1/Gnb4/Gng11/Gpr161/Cdk5r1/Gnb3/Plce1/P2ry13/Adgra2/Adgrl4/Plcb2/Adgrf5/Chrm2/Npr3/Lpar2/Ccr3"
"GO:0007059","BP","GO:0007059","chromosome segregation",326,-0.443223685507732,-1.90694263746332,2.64010588861319e-08,3.67118724292976e-06,3.0625228307913e-06,2853,"tags=40%, list=21%, signal=32%","Bex4/Ercc2/Firrm/Phf13/Haus6/Anapc5/Ciao2a/Gen1/Mad2l1bp/Poldip2/Kif2c/Mapre1/Psmc3ip/Haus1/Gem/Rcc1/Ncapd3/Nup62/Rrs1/Bccip/Ska2/Ncapd2/Kif14/Fbxo5/Haus3/Kif18a/Psmg2/Ncapg2/Brca1/Farsa/Riok2/Chtf18/Cenph/Anapc15/Ntmt1/Rps3/Tubg1/Spdl1/Knstrn/Cenpq/Knl1/Ska1/Nusap1/Kntc1/Haus4/Smc2/Kif4a/Cit/Haspin/Map1s/Ndc1/Prickle1/Cdc6/Kif18b/Kif11/Cenpe/Sgo2/Xrcc3/Hjurp/Haus5/Tubb5/Pmf1/Nek6/Brip1/Mki67/Dlgap5/Incenp/Nsl1/Nudc/Pttg1/Tpx2/Ccnb2/Nek2/Mastl/Kifc1/Espl1/Ncapg/Prc1/Pinx1/Cdca8/Aaas/Sgo1/Bub1b/Kif23/Spc24/Cenpn/Ncaph/Bub1/Cdca2/Ndc80/Racgap1/Ccne2/Zwilch/Cenpk/Cdca5/Top2a/Fam83d/Aurkb/Tacc3/Ccnb1ip1/Spc25/Fancd2/Trip13/Ran/Mis18a/Ect2/Spag5/Nuf2/Ttk/Rad18/Esco2/Mad2l1/Cdc20/Ccnb1/Ska3/Plscr1/Cenpt/Plk1/Aurka/Klhl22/Cenpi/Cenpw/Ube2c/Mybl2/Birc5/Cdk1/Majin/Hspa1a/Ccne1"
"GO:0048704","BP","GO:0048704","embryonic skeletal system morphogenesis",80,-0.642611580910868,-2.29289170026461,9.58527511126158e-08,1.1107300613777e-05,9.26576594088619e-06,438,"tags=18%, list=3%, signal=17%","Mthfd1l/Twist1/Mdfi/Fgf8/Hoxb4/Hoxb3/Hoxd9/Hoxb5/Hoxb8/Hoxd4/Hoxb6/Hoxd3/Hoxb7/Osr2"
"GO:0006261","BP","GO:0006261","DNA-templated DNA replication",138,-0.558615215714425,-2.18010095479603,2.27834322089402e-07,2.45419281033767e-05,2.04729996469068e-05,3497,"tags=54%, list=25%, signal=41%","Cdt1/Thoc1/Orc2/Atad5/Polq/Mcmbp/Lig1/Tonsl/Gins2/Gins3/Ssbp1/Mcm2/Endog/Pold1/Timeless/Pola1/Gen1/Baz1a/Prim2/Zpr1/Prim1/Mcm7/Mcm3/Wdhd1/Slfn13/Pole3/Fbxo5/Wdr18/Fam111a/Mcm6/Haus3/Ddx11/Dach1/Pole/Alyref/Rfc3/Blm/Gins4/Cdk2/Rfc5/Pola2/Cdc6/Gmnn/E2f8/Cdc7/Mcm4/Pcna/Tipin/Rfc2/Dbf4/Rad51/Mcm10/Rrm1/Mcm5/Ticrr/E2f7/Ccne2/Cdc45/Traip/Pold2/Donson/Orc1/Tipinl1/Polg/Mms22l/Rfc4/Pole2/Recql4/Tk1/Orc6/Eme1/Gins1/Ccne1/Nuggc/Ooep"
"GO:0003012","BP","GO:0003012","muscle system process",351,0.435165132543529,1.74484423163527,4.06582759138025e-07,4.0915065024837e-05,3.41315526750079e-05,1464,"tags=25%, list=11%, signal=22%","Ghrl/Tacr2/Edn2/Kcnd3/Col14a1/Trpv1/Atp1a2/Nmu/Chga/Ptger3/Casq2/Npy1r/Myh11/Adora1/Gucy1a1/Adora2b/Klf15/Scnn1b/Ryr2/Tacr1/Ank2/Tmod2/Ace2/Akap6/Atp8a2/Abcc8/Fxyd1/Scn4b/Ppargc1a/Edn3/Map2k6/Hand2/Cacna1h/Adrb1/Scn3b/Cacnb2/Meis1/Ar/Pi16/Myocd/Prkg1/Cacna1c/Ptgs1/Abat/Cacna2d1/Mybpc1/Sstr2/Tpm2/Ppara/Sgca/Acta1/Tlr4/Klf4/Tmod1/Fbxo32/Tbx2/Kcnj5/Ehd3/Edn1/Calcrl/Gsn/Kcnd2/Cav1/Utrn/Pde5a/Tnnt2/Gdf1/Gja5/Mylk/Agt/Scn2b/Kcne2/P2ry1/P2rx3/Ryr1/Cd38/Apbb1/Prkca/Slc8a3/P2rx1/Myh7b/Gata6/Irag1/Chrm3/Rcsd1/Adcy10"
"GO:0030003","BP","GO:0030003","intracellular monoatomic cation homeostasis",418,0.419425411203896,1.70923935415534,5.30056603229775e-07,5.19727295064272e-05,4.33559119052047e-05,2332,"tags=28%, list=17%, signal=24%","Slc30a10/Edn2/Scgn/Slc26a3/Trpv1/Trpc4/Casr/Avpr1b/Atp1a2/Scara5/Ms4a2/Chga/Casq2/Slc9a3/Npy1r/Hexb/Chrna7/Adora1/Ccl21/Scnn1g/Rimbp2/Slc9a2/Scnn1b/Ryr2/Mcub/Cd19/Cacna1b/Ank2/Cnr1/Akap6/Xcr1/Rgn/Spp1/Fxyd1/Cav2/Chp2/Nr3c2/Bdh2/Scnn1a/Mt1/Edn3/Slc40a1/Plcd1/Cacnb2/Slc9a7/Grid2ip/Atp7b/Synpo/Cacna1c/Mt2A/Gstm7/Atp2a3/Sgk1/Tasl/Atp2c2/Edn1/Cdh23/Cav1/Ccr2/Fth1-ps5/Slc9a4/Lrrk2/Itpr2/Cxcr3/P2ry4/Agt/Slc24a3/Kcnh1/Atp1b2/Prkcb/Grin1/P2ry1/Ryr1/Slc25a23/Prkca/Cftr/Slc8a3/P2rx1/Aplnr/Myh7b/P2rx7/Asph/Stim1/Rab38/Slc4a8/Clic2/Slc4a3/Ptprc/Car2/Pygm/Ttpa/Ccl5/Slc1a3/Plcb1/Fzd9/Pkd2/Pth1r/P2rx2/Steap4/Inpp4b/Pkhd1/Cacna1a/Ncoa4/Plce1/Gstm2/Plcb2/Chp1/Lck/Hpx/Sv2a/Steap3/Prkd1/Slc12a2/Calca/Fxyd2"
"GO:0045861","BP","GO:0045861","negative regulation of proteolysis",134,-0.540498503956054,-2.08753579072685,6.14204673335846e-07,5.86332039947898e-05,4.89121131651097e-05,971,"tags=13%, list=7%, signal=12%","Cst7/Serpinb5/Serpina10/Pbk/Fetub/Chac1/Ctsz/Serpinb8/Il10/Serpine1/Serpina3a/Plat/Serpinb2/Cdkn2a/Serpinb11/Serpinb3/Serpinb3a"
"GO:0002526","BP","GO:0002526","acute inflammatory response",85,-0.620956861056672,-2.23070087725168,6.35446536539214e-07,5.92670135542915e-05,4.94408402819535e-05,582,"tags=27%, list=4%, signal=26%","Plscr1/Saal1/Adam8/Mif/Pla2g2d/Cxcr2/F3/Hp/C2cd4b/Il1b/Gata3/Tac1/Tnf/Ass1/B4galt1/Il1a/Npy/Lcn2/C3/Tnfsf11/Ptgs2/Reg3g/Reg3b"
"GO:0045787","BP","GO:0045787","positive regulation of cell cycle",301,-0.423113754836038,-1.81337827941155,7.32573146293352e-07,6.66990407482329e-05,5.5640674682757e-05,2509,"tags=34%, list=18%, signal=28%","Met/Cdc25c/Nr4a3/Chek1/Tcf3/Ncapd3/Poc1a/Nup62/Pebp1/Zpr1/Tgfb1/Ncapd2/Kif14/Fbxo5/Ube2e2/Tgfa/Ccdc57/Dtl/Calr/Ddx11/Ncapg2/Cep295/Apex1/Rad51ap1/Gipc1/Eif4e/Rpl17/Rad51c/Phb2/Cdk2/Rad51b/Npm1/Nusap1/Rps15a/Kif20b/Tp53/Smc2/Cit/Mtbp/Plk4/Tfdp1/Cdc6/E2f8/Stil/Cenpe/Cdc7/Sgo2/Xrcc3/Tgfb2/Ranbp1/Dbf4/Mastl/Rrm1/Pkp4/Fen1/Ncapg/Kif23/Lgmn/Ncaph/E2f7/Bub1/Ndc80/Racgap1/Myc/Eif4ebp1/Cdca5/Fam83d/Aurkb/Epgn/Gdpd5/Orc1/Ect2/Spag5/Rad18/Mad2l1/Cdc20/Ccnb1/Fgf10/Plscr1/Aurka/Adamts1/Anxa1/Ube2c/Birc5/Cdk1/Rrm2/Tbx3/Asns/Msx2/Gja1/Il1b/Fgf8/Tnf/Fosl1/Il1a/Il10/Msx1/Tgm1/Ereg/Ooep/Cyp1a1"
"GO:0050808","BP","GO:0050808","synapse organization",443,0.402628642142969,1.64324091789746,1.41331767640808e-06,0.00011498993179967,9.5925178462591e-05,2771,"tags=31%, list=20%, signal=26%","Ghrl/Chrdl1/Musk/Slit1/Adgrb2/Ina/Syn1/Flrt1/Rims1/Chrna7/Nrcam/Gabrb3/Arhgef9/Pcdh17/Rimbp2/Wasf3/Slc6a1/Ache/Dnm3/Pcdh8/Sybu/Ctnnd2/Lmx1a/Snap91/Bsn/Pdzrn3/Nfasc/Sez6/Ntn1/Snap25/Map1b/Sparcl1/Cacnb2/Ptprt/Itpka/Synpo/Gpr158/Gprasp3/Cacnb1/Lrrn1/Shank3/Arhgap44/Cttnbp2/Sema3a/Fzd5/Pclo/Filip1/Dact1/Shank2/Clstn3/Lzts3/Utrn/Pik3r1/Cnksr3/Lrrk2/Mpp2/Ephb1/Klk8/Lrrn3/Nrp1/Reln/Dock10/Syndig1/Lzts1/Grin1/Ank3/Vstm5/Sncg/Apbb1/Prkca/Nrg2/Slc8a3/Cdkl5/Psd/Nfia/Zfp365/Pmp22/Insr/Ephb3/Magi2/Igsf9b/Rapgef4/Ptprd/Lrrc4c/Neurl1/Arhgef15/Ppfia4/Lrrc24/Lrp4/Tanc2/Fzd9/Robo1/Ntng1/Erbb2/Prrt1/P2rx2/Trem2/Adgrl1/Numbl/Lingo4/Slitrk2/Cacna1a/Dbn1/Nlgn3/Cap2/Lrfn1/Cdk5r1/Eef2k/Nos1ap/Fyn/Cacnb3/Srcin1/Myo9a/Large1/Plxnc1/Rps6ka5/Lamb2/Itgb3/Tsc1/Flrt2/Mef2c/Cln3/Dip2a/Ntng2/Col4a5/Sez6l2/Amigo2/Arhgap22/Dkk1/Il10ra/Slitrk6/Ppp1r9a/Kalrn/Plxna4/Srpx2/Arhgap39/Cntnap1/Unc13c"
"GO:0023061","BP","GO:0023061","signal release",479,0.389747554929953,1.5986179204642,1.75716992459171e-06,0.000138588054714968,0.000115610851082831,1750,"tags=24%, list=13%, signal=22%","Ghrl/Tacr2/Edn2/Vip/Ccn3/Gcg/Rfx6/Casr/Scg5/Nr1d1/Sstr1/Nmu/C1qtnf3/Nell2/Kcnj11/Chga/Ptger3/Syn1/Npy1r/Pla2g10/Rims1/Pde8b/Chrna7/Brsk2/Neurod1/Adora1/Baiap3/Syp/Slc18a2/Adora2b/Rimbp2/Ptprn2/Kcnb1/Tacr1/Sybu/Cacna1b/Isl1/Cxcl12/Alox5/Cnr1/Syt15/Cry2/Snap91/Lepr/Abcc8/Spp1/Slc16a10/Adcy5/Apba1/Pex5l/Edn3/Map2k6/Snap25/Plcd1/Nr1h4/Olr59/Kcna2/Gpr158/Cacna1c/Cpe/Ptgs1/Abat/Pla2g3/Maob/Sstr2/Piwil4/Apba2/Pclo/Slc6a4/Rasl10b/Ano1/Adora3/Fzd4/Edn1/Agtr1a/Lrrk2/Gipr/Gja5/P2ry4/Pink1/Tm7sf3/Cplx2/Agt/Kcnh1/Sytl4/Inha/Prkcb/Gnaz/P2ry1/Syt9/Cd38/Sncg/Abca1/Prkca/Cftr/P2rx1/P2rx7/Stim1/Cadps/Slc4a8/Myt1/Chrm3/Pde4c/Ffar2/Stx2/Foxa2/Nnat/Pfkm/Per2/Rapgef4/Irs2/Sncaip/Ccl5/Plcb1/P2ry12/Ghrhr"
"GO:0071216","BP","GO:0071216","cellular response to biotic stimulus",268,-0.432496512239421,-1.82102484419922,2.36934505024302e-06,0.00017423798984864,0.000145350205966831,1415,"tags=22%, list=10%, signal=20%","Hmgb2/Slc7a5/Ly96/Scimp/Eif2ak3/Icam1/Adam9/Arg2/Tigar/Nfkbib/Nfkbia/Tlr2/Zfp36/Hif1a/Mir24-2/Cd55/Defa8/Arg1/Cx3cl1/Defa24/Plscr1/Tnfrsf1b/Cebpb/Eme1/Ccl2/Bid/Sbno2/Mif/Nfkbiz/Ccl20/Prdm1/Nod2/Tnfaip3/Plau/Tnip3/Pde4b/Esr2/Trem1/P2ry2/Defal1/Arid5a/Nuggc/Zc3h12a/Il1b/Socs1/Defa6/Mmp9/Tnf/Ass1/Mmp8/Il1a/Il10/Cxcl3/Cxcl6/Serpine1/Lcn2/Cxcl2/Cxcl1/Nos2/Csf3"
"GO:1903522","BP","GO:1903522","regulation of blood circulation",201,0.47034087609947,1.78452613419576,3.96524005992034e-06,0.000278221614479548,0.000232093867727447,2145,"tags=35%, list=16%, signal=30%","Ghrl/Edn2/Kcnd3/Trpv1/Casr/Atp1a2/Kcnh6/Nmu/Chga/Ptger3/Casq2/Npy1r/Chrna7/Adora1/Thrb/Ryr2/Tacr1/Cacna1b/Ank2/Isl1/Alox5/Ace2/Akap6/Fxyd1/Scn4b/Edn3/Cacna1h/Adrb1/Scn3b/Cacnb2/Cacna1c/Ptgs1/Cysltr1/Cacna2d1/Sema3a/Epas1/Kcnj5/Ehd3/Edn1/Hrh1/Cav1/Agtr1a/Pik3r1/Prkcq/Pde5a/Tnnt2/Gja5/Agt/Scn2b/Kcne2/Cd38/Prkca/P2rx1/Myh7b/S100a1/Chrm3/Adcy10/Slc4a3/Adra1d/Per2/Akap9/Faah/Scn1b/Tmem65/Sp4/Thra/Nos1ap/Ace/Chrm2/Trpm4/Popdc2"
"GO:0042752","BP","GO:0042752","regulation of circadian rhythm",99,0.553043079697913,1.93794159690025,5.26396664801108e-06,0.000356272716141493,0.000297204488622219,1162,"tags=23%, list=8%, signal=21%","Ghrl/Nr1d1/Nmu/Ptger3/Per3/Adora1/Chrm1/Npas2/Ptgds/Cry2/Il18/Lepr/Nr1d2/Ppargc1a/Adrb1/Cipc/Prkg1/Kcna2/Prkaa2/Ppara/Per1/Adcy1/Prox1"
"GO:0042745","BP","GO:0042745","circadian sleep/wake cycle",24,0.775153349216915,2.08712760900806,5.50743582685714e-06,0.000369481308805293,0.000308223162941654,636,"tags=50%, list=5%, signal=48%","Ghrl/Nr1d1/Nmu/Ptger3/Per3/Adora1/Gabrb3/Npas2/Ptgds/Il18/Adrb1/Kcna2"
"GO:0141060","BP","GO:0141060","disruption of anatomical structure in another organism",41,-0.737469802495178,-2.30625682502588,5.86471360155309e-06,0.0003866666346955,0.00032255924808542,779,"tags=39%, list=6%, signal=37%","Defa8/Arg1/C6/Defa24/Lyz2/Lyc2/Fcer2/Trem1/Defal1/Pla2g2a/Defa6/Cxcl6/Cxcl1/Nos2/Reg3g/Reg3b"
"GO:0019226","BP","GO:0019226","transmission of nerve impulse",47,0.670968547366584,2.10233177265915,6.07293650395738e-06,0.000391216254187304,0.00032635456350876,2766,"tags=57%, list=20%, signal=46%","Ghrl/Scn7a/Chrna7/Nrcam/Scn3a/Nfasc/Cacna1h/Kcna2/Kcnd2/Agt/P2rx3/Ank3/Gpr88/P2rx1/P2rx7/Pmp22/Jam3/Rapgef4/Npr2/Scn1b/P2rx2/Cacna1a/Dpp6/Myh14/Kcnma1/S1pr1/Cntnap1"
"GO:0019098","BP","GO:0019098","reproductive behavior",43,0.690882056656103,2.13360892398694,6.21438461551347e-06,0.000392790194540885,0.000327667552454347,1334,"tags=37%, list=10%, signal=34%","Vip/Nhlh2/Hexb/Gabrb3/Thrb/Dnm3/Tacr1/Cnr1/Ar/Abat/Shh/Slc6a4/Crebrf/Grin1/P2ry1/P2rx1"
"GO:0007617","BP","GO:0007617","mating behavior",35,0.708838090221948,2.07459852588131,6.2011683101349e-06,0.000392790194540885,0.000327667552454347,1334,"tags=40%, list=10%, signal=36%","Vip/Nhlh2/Hexb/Thrb/Dnm3/Tacr1/Cnr1/Ar/Abat/Shh/Slc6a4/Grin1/P2ry1/P2rx1"
"GO:0051346","BP","GO:0051346","negative regulation of hydrolase activity",40,-0.739845832742962,-2.29357343589725,7.18327744557903e-06,0.000429200827373347,0.00035804148517808,971,"tags=30%, list=7%, signal=28%","Cst7/Serpinb5/Serpina10/Fetub/Anxa1/Serpinb8/Serpine1/Serpina3a/Serpinb2/Serpinb11/Serpinb3/Serpinb3a"
"GO:0022618","BP","GO:0022618","protein-RNA complex assembly",173,-0.477084638435834,-1.90962561799077,7.42939519848075e-06,0.000440465228511479,0.000367438305165172,4490,"tags=61%, list=33%, signal=41%","Prpf19/Dhx30/Mcts1/Atr/Rpl10/Eral1/Ckap5/Gemin7/Prmt7/Yju2/Srpk1/Naf1/Mief1/Eif6/Srsf1/Eif3m/Nufip1/Psip1/Sf3a1/Ncbp1/Eif3j/Mdn1/Eif3g/Rps6/Rpsa/Rps5/Clns1a/Dhx29/Fau/Rpl6/Snrpe/Prpf31/Abt1/Rps27/Tssc4/Ddx39b/Tarbp2/Fastkd2/Rrp7a/Eif3k/Gemin8/Xrcc5/Nopchap1/Sf3a3/Clp1/Gemin5/Brix1/Usp39/Hsp90ab1/Rps28/Ramac/Snrpd1/Eif2d/Rrs1/Rbmxl1/Rplp0/Rpl24/Eif3b/Rpl23a/Rps19/Sf3a2/Rps14/Pwp2/Rps2/Eif3i/Rps15/Snrpf/Denr/Snrpd3/Snrpb/Mrpl20/Rps10/Rpl13a/Ruvbl1/Nle1/Rpl11/Ptges3/Smn1/Snrpd2/Ruvbl2/Rpf2/Shq1/Strap/Eif3d/Taf9/Eif3c/Polr2d/Prmt5/Eif2s2/Nop2/Snrpc/Rps25/Mrps7/Lsm4/Bop1/Ppan/Snu13/Celf2/Mrto4/Rpl38/Snrpg/Lsm2/Rps27l/Hsp90aa1/Srsf12"
"GO:0030048","BP","GO:0030048","actin filament-based movement",104,0.548091854073883,1.92214147173122,7.74128515724414e-06,0.000455425760635409,0.000379918456178597,2418,"tags=38%, list=18%, signal=31%","Kcnd3/Atp1a2/Ptger3/Casq2/Adora1/Ryr2/Ank2/Akap6/Fxyd1/Scn4b/Cacna1h/Adrb1/Scn3b/Cacnb2/Cacna1c/Cacna2d1/Epdr1/Kcnj5/Gsn/Cav1/Tnnt2/Gja5/Scn2b/Kcne2/Myo1a/Myh7b/Myo5c/Adcy10/Syne2/Akap9/Scn1b/Myo1f/Sun2/Dbn1/Trpm4/Emp2/Abcc9/Kcnq1/Myh14"
"GO:0010212","BP","GO:0010212","response to ionizing radiation",175,-0.466397344800889,-1.87053410448183,8.8200984853971e-06,0.000494338426286926,0.000412379597242493,2324,"tags=33%, list=17%, signal=28%","Star/Abcb1b/Ercc1/Tgfb1/Hspa5/Apobec1/Babam1/Brca1/Rad51ap1/Bcl2l1/Itgb6/Rpl13a/Bard1/Bax/Blm/Dnmt3b/Vwf/Tp53/Hras/Abcg5/Aen/Icam1/Rad54l/Tigar/Rad51/Rrm1/Ticrr/H2ax/Xrcc2/Hif1a/Myc/Top2a/Cdkn1a/Bak1/Fancd2/Pdxk/Ect2/Polg/Rad54b/Nabp1/Pmaip1/Nox4/Sod2/Ccl7/Ccl2/Anxa1/Ddias/Lrp2/Egr1/Hp/Il1b/Gata3/Il1a/Cxcl6/Lcn2/Cxcl2/Cxcl1/Socs3"
"GO:0006979","BP","GO:0006979","response to oxidative stress",454,-0.366856291293677,-1.62362797903631,8.91625093915532e-06,0.000494338426286926,0.000412379597242493,1438,"tags=17%, list=10%, signal=16%","Cfl1/Psmb5/Eif2s1/Slc4a11/Il18rap/Apod/Duox1/Adam9/Pcna/Banf1/Prdx3/Nefh/Sdc1/Chchd4/Tbc1d24/Bnip3/Hif1a/Fxn/Stk25/Nox1/Bak1/Fancd2/Il18bp/Scly/Ect2/Arg1/Hspb1/Ncoa7/Hmox1/Nme2/Tmigd1/Prdx6/Btg3/Prdx1/Ldha/Sod2/Casp12/ND6/Anxa1/Stc2/Ddias/Nqo1/Rbm11/Mmp3/Fos/Mif/Txnrd1/Plk3/Cdk1/Gjb2/F3/Tnfaip3/Hp/Epor/Ero1a/Mgst1/Duox2/Areg/Hba-a3/Zc3h12a/Il1b/Gpx2/Hbb/Fgf8/Mmp9/Fosl1/Nefm/Ripk3/Ggt1/Il1a/Adipoq/Serpine1/Lcn2/Ptgs2/Cyp1b1/Cdkn2a/Reg3b"
"GO:0050804","BP","GO:0050804","modulation of chemical synaptic transmission",449,0.389895619401377,1.59235446157602,8.91980947013543e-06,0.000494338426286926,0.000412379597242493,2241,"tags=28%, list=16%, signal=24%","Ghrl/Tacr2/Chrdl1/Scgn/Musk/Ntf3/Nmu/Ina/Syn1/Npy1r/Rims1/Chrna7/Rasgrf2/Adora1/Gria2/Gucy1a1/Baiap3/Syp/Pcdh17/Adora2b/Slc6a1/Chrm1/Kcnb1/Tacr1/Pcdh8/Sybu/Cacna1b/Ctnnd2/Cnr1/Kcnq4/Nr3c2/Apba1/Edn3/Snap25/Rasgrf1/Map1b/Adrb1/Gria4/Grid2ip/Itpka/Synpo/Gpr158/Bche/Shank3/Arhgap44/Prkar2b/Apba2/Akap7/Fam107a/Pclo/Slc6a4/Mir22/Adora3/Shank2/Clstn3/Edn1/Sorcs2/Lama2/Hrh1/Ccr2/Ncam1/Lrrk2/P2ry4/Mpp2/Pink1/Begain/Cplx2/Agt/Ephb1/Reln/Adcy1/Kcnh1/Gucy1b1/Prkcb/Lzts1/Grin1/P2ry1/Rnf39/P2rx3/Bhlhe41/Cd38/Sncg/Syne1/Prkca/Cpeb3/Slc8a3/P2rx1/Kdr/P2rx7/Cdkl5/Slc4a8/Ngfr/Mme/Car2/Plcl1/Rapgef4/Ptprd/Lrrc4c/Sncaip/Neurl1/Slc1a3/Plcb1/Camk4/Bace1/Ntng1/Akap12/Plcl2/Kit/Prrt1/P2rx2/Syt7/Map1a/Cacna1a/Dbn1/Nlgn3/Fyn/Cacnb3/Eif2ak4/Brsk1/Ace/Chrm2/Grin2d/Glul/Kmo/Stxbp1/Rgs14/Large1"
"GO:0099177","BP","GO:0099177","regulation of trans-synaptic signaling",449,0.389895619401377,1.59235446157602,8.91980947013543e-06,0.000494338426286926,0.000412379597242493,2241,"tags=28%, list=16%, signal=24%","Ghrl/Tacr2/Chrdl1/Scgn/Musk/Ntf3/Nmu/Ina/Syn1/Npy1r/Rims1/Chrna7/Rasgrf2/Adora1/Gria2/Gucy1a1/Baiap3/Syp/Pcdh17/Adora2b/Slc6a1/Chrm1/Kcnb1/Tacr1/Pcdh8/Sybu/Cacna1b/Ctnnd2/Cnr1/Kcnq4/Nr3c2/Apba1/Edn3/Snap25/Rasgrf1/Map1b/Adrb1/Gria4/Grid2ip/Itpka/Synpo/Gpr158/Bche/Shank3/Arhgap44/Prkar2b/Apba2/Akap7/Fam107a/Pclo/Slc6a4/Mir22/Adora3/Shank2/Clstn3/Edn1/Sorcs2/Lama2/Hrh1/Ccr2/Ncam1/Lrrk2/P2ry4/Mpp2/Pink1/Begain/Cplx2/Agt/Ephb1/Reln/Adcy1/Kcnh1/Gucy1b1/Prkcb/Lzts1/Grin1/P2ry1/Rnf39/P2rx3/Bhlhe41/Cd38/Sncg/Syne1/Prkca/Cpeb3/Slc8a3/P2rx1/Kdr/P2rx7/Cdkl5/Slc4a8/Ngfr/Mme/Car2/Plcl1/Rapgef4/Ptprd/Lrrc4c/Sncaip/Neurl1/Slc1a3/Plcb1/Camk4/Bace1/Ntng1/Akap12/Plcl2/Kit/Prrt1/P2rx2/Syt7/Map1a/Cacna1a/Dbn1/Nlgn3/Fyn/Cacnb3/Eif2ak4/Brsk1/Ace/Chrm2/Grin2d/Glul/Kmo/Stxbp1/Rgs14/Large1"
"GO:0044706","BP","GO:0044706","multi-multicellular organism process",242,-0.429592578722835,-1.80231407211848,9.17679364473301e-06,0.000504921710754806,0.000421208226283429,1272,"tags=23%, list=9%, signal=21%","Slc38a3/Pzp/Tgfb2/Arg2/Itga3/Tbxt/Prdx3/Hsd17b7/Ctsl/Slc19a1/Vmp1/Muc1/Hif1a/Cd55/Kiss1/Tead4/Arg1/Gapdh/Hspb1/Acsl4/Tk1/Cldn4/Cyp27b1/Igfbp5/Junb/Slc2a1/Adra2a/Ccl2/Stc2/Sh3pxd2b/Angpt2/Mmp3/Fos/Prdm1/Gjb2/Plau/Lif/Epor/Gja1/Stc1/Alas2/Pgf/Fosb/Mmp9/B4galt1/Fosl1/Adm/Endou/Serpine1/Mmp7/Ptgs2/Mmp13/Ooep/Cyp1a1/Prl2a1/Reg3b"
"GO:0071826","BP","GO:0071826","protein-RNA complex organization",180,-0.471304136330515,-1.89560372325923,1.13332886115023e-05,0.000606132806299087,0.000505639030359333,4490,"tags=59%, list=33%, signal=41%","Prpf19/Dhx30/Mcts1/Atr/Rpl10/Eral1/Ckap5/Gemin7/Prmt7/Yju2/Srpk1/Naf1/Mief1/Eif6/Srsf1/Dyrk3/Eif3m/Nufip1/Psip1/Sf3a1/Ncbp1/Eif3j/Mdn1/Eif3g/Rps6/Rpsa/Vcp/Rps5/Clns1a/Dhx29/Fau/Rpl6/Snrpe/Prpf31/Abt1/Rps27/Tssc4/Ddx39b/Tarbp2/Fastkd2/Rrp7a/Eif3k/Gemin8/Xrcc5/Nopchap1/Sf3a3/Clp1/Gemin5/Brix1/Usp39/Hsp90ab1/Rps28/Ramac/Snrpd1/Eif2d/Rrs1/Rbmxl1/Rplp0/Rpl24/Eif3b/Rpl23a/Rps19/Sf3a2/Rps14/Pwp2/Rps2/Eif3i/Rps15/Snrpf/Denr/Snrpd3/Snrpb/Mrpl20/Rps10/Rpl13a/Ruvbl1/Nle1/Rpl11/Ptges3/Smn1/Snrpd2/Ruvbl2/Rpf2/Shq1/Strap/Eif3d/Taf9/Eif3c/Polr2d/Prmt5/Eif2s2/Nop2/Snrpc/Rps25/Mrps7/Lsm4/Bop1/Ppan/Snu13/Celf2/Mrto4/Rpl38/Snrpg/Lsm2/Rps27l/Hsp90aa1/Srsf12"
"GO:0030099","BP","GO:0030099","myeloid cell differentiation",408,-0.368003350105374,-1.60814438175995,1.49134275217356e-05,0.000762207323148706,0.000635837175953027,1288,"tags=17%, list=9%, signal=16%","Slc1a5/Inhba/Prmt1/Gpr171/Tfrc/F2rl1/Klf10/Zfp385a/Ccl3/Prdx3/Lbr/Nfkbia/Irf4/Jmjd6/Nme1/Oscar/Ypel4/Racgap1/Tlr2/Zfp36/Hif1a/Myc/Il1rl1/Sfxn1/Csf3r/Tmem178a/Nme2/Batf/Igsf23/Plscr1/Hmga1/Anxa2/Cebpb/Junb/Ccl2/Sbno2/Fos/Gata2/Tnfsf9/Lif/Gp5/Ocstamp/Siglec15/Epha2/Ccl9/Hspa1a/Tnfaip6/Tnfrsf11b/Erfe/Snx10/Thpol1/Batf2/Alas2/Gata3/Ceacam1/Hbb/Socs1/Hba-a1/Tnf/Il23a/Adipoq/Tnfsf11/Trim10/Il17a/Il17c/Hoxb8/Hoxb7/Csf3"
"GO:0072593","BP","GO:0072593","reactive oxygen species metabolic process",213,-0.438917861788059,-1.80791051612497,1.90596744996654e-05,0.000920929953730861,0.00076824439131837,1205,"tags=21%, list=9%, signal=20%","Duox1/Arg2/Ccn1/Tigar/F2rl1/Prdx3/Bnip3/Noxa1/Hif1a/Nox1/Cdkn1a/Mir24-2/Eif5a/Pmaip1/Nox4/Prdx6/Pdk3/Birc3/Hk2/Prdx1/Sod2/Sh3pxd2b/Nqo1/Mmp3/Txnrd1/Plau/Hp/Esr2/Duox2/Duoxa1/Hba-a3/Zc3h12a/Ier3/Hbb/Noxo1/Hba-a1/Tnf/Ripk3/Duoxa2/Lcn2/Cxcl1/Cyp1b1/Nos2/Cyp1a1/Il22"
"GO:0007600","BP","GO:0007600","sensory perception",276,0.427633724431958,1.680242828913,2.06578594223815e-05,0.000975254992977614,0.000813562611819715,2683,"tags=38%, list=20%, signal=32%","Pkhd1l1/Ccn3/Azgp1/Trpv1/Best2/Nmu/Pgap1/Npy1r/Gjc3/Olr35/Hexb/Chrna7/Adora1/Scnn1g/Thrb/Olr1585/Scnn1b/Cxcl12/Aqp4/Kcnq4/Pigr/Il18/Atp8a2/Piezo2/Snai2/Scnn1a/Cacnb2/Olr59/Kcna2/Rpgrip1/Tmem150c/Kcnip3/Tmem100/Tlr4/Epas1/Sobp/Mir22/Ano1/Fzd4/Or5au1/Gja3/Kcnd2/Cdh23/Ccr2/Cyp3a9/Cd36/Gabrr2/Nherf2/Gstm1/Ephb1/Tmc1/Myo15a/Myo1a/Gnat3/Grin1/Pdzd7/Sema5a/P2rx3/Tbx1/Cpeb3/P2rx7/Mme/Ror1/Cdc14a/Clic5/Eya4/Lrig1/Npr2/Slc1a3/Whrn/Bace1/Cdkn1b/Or51e1/Ripor2/Pde1c/Kit/P2rx2/Nav2/Or13a27b/Map1a/Cryba4/Grap/Gstm2/Fyn/Cacnb3/Plcb2/Unc119/Grin2d/Large1/Slc12a2/Calca/Kcnq1/Lamb2/Crb1/Mir25/Myh14/Usp53/Serpinb6a/Aqp1/Fgfr1/Slitrk6/Fam107b/Sema5b/Rgs9/Kcnma1/Ush1c"
"GO:0086003","BP","GO:0086003","cardiac muscle cell contraction",60,0.608139487762515,1.97435469484617,3.44070407324281e-05,0.00150368598583777,0.00125438239927367,1820,"tags=42%, list=13%, signal=36%","Kcnd3/Atp1a2/Casq2/Adora1/Ryr2/Ank2/Akap6/Fxyd1/Scn4b/Cacna1h/Adrb1/Scn3b/Cacnb2/Cacna1c/Cacna2d1/Kcnj5/Gsn/Cav1/Gja5/Scn2b/Kcne2/Myh7b/Adcy10/Akap9/Scn1b"
"GO:0008544","BP","GO:0008544","epidermis development",289,-0.395015748395033,-1.68517161660925,3.47697283883598e-05,0.00151090274269418,0.00126040265407804,1301,"tags=17%, list=9%, signal=15%","Elovl1/Inhba/Agpat2/Vangl2/Tgfb2/Adam9/Sfn/Trim16/Ctsl/Dsg4/Mcoln3/Plod1/Tmprss13/Zfp36/Krt75/Cdkn1a/Dbi/Nme2/Dlx3/Cldn4/Cyp27b1/Fgf10/Lama5/Jag2/Igfbp5/Anxa1/Krt85/Mif/Nfkbiz/Grhl1/Epha2/Msx2/Fst/Krt36/Pnpla1/Tnf/Krt79/Sprr1a/Il1a/Lhx2/Tgm1/Cdkn2a/Krt87/Il17a/Krt84/Abca12/Reg3g/Reg3b"
"GO:0099565","BP","GO:0099565","chemical synaptic transmission, postsynaptic",84,0.542127915696517,1.83460331204713,4.0267659965994e-05,0.0016752959117782,0.00139754026113296,2244,"tags=39%, list=16%, signal=33%","Ghrl/Trpv1/Rims1/Chrna7/Adora1/Gria2/Gabrb3/P2rx5/Sez6/Adrb1/Abat/Shank3/Pclo/Lrrk2/Mpp2/Begain/Reln/Slc29a1/Grin1/P2rx3/Syne1/Slc8a3/P2rx1/P2rx7/Ngfr/Eea1/Igsf9b/P2rx2/Dbn1/Nlgn3/Cacnb3/Grin2d/P2rx6"
"GO:0016358","BP","GO:0016358","dendrite development",281,0.414360809062083,1.62913424620398,6.49699676702282e-05,0.00232698344412327,0.00194118127268651,2050,"tags=24%, list=15%, signal=21%","Ghrl/Elavl4/Gpr37/Flrt1/Chrna7/Foxo6/Tet1/Ache/Dnm3/Crp/Hecw2/Ctnnd2/Sarm1/Dgkg/Neurog3/Sez6/Ntn1/Map1b/Obsl1/Sult4a1/Prkg1/Itpka/Gprasp3/Shank3/Arhgap44/Sema3a/Sgk1/Dact1/Lzts3/Fzd4/Matn2/Lrrk2/Bcl11a/Ephb1/Nrp1/Reln/Camk1d/Dock10/Lzts1/Grin1/Lpar1/Syne1/Cpeb3/Cdkl5/Sdc2/Ngfr/Dclk1/Zfp365/Scarf1/Ephb3/Rapgef4/Ptprd/Prex2/Neurl1/Lrp4/Tanc2/Robo1/Pacsin1/Map1a/Numbl/Dpysl5/Cacna1a/Dbn1/Nlgn3/Cdk5r1/Eef2k/Fyn"
"GO:0034599","BP","GO:0034599","cellular response to oxidative stress",280,-0.386258579125194,-1.64045574703356,8.02559279348819e-05,0.0027039530257532,0.0022556511904165,1107,"tags=15%, list=8%, signal=14%","Prdx3/Nefh/Chchd4/Tbc1d24/Bnip3/Hif1a/Fxn/Stk25/Fancd2/Il18bp/Scly/Ect2/Arg1/Hspb1/Ncoa7/Hmox1/Nme2/Tmigd1/Prdx1/Sod2/Casp12/Anxa1/Ddias/Nqo1/Rbm11/Mmp3/Fos/Mif/Cdk1/Gjb2/F3/Tnfaip3/Mgst1/Zc3h12a/Mmp9/Nefm/Ripk3/Ggt1/Serpine1/Lcn2/Cyp1b1/Cdkn2a/Reg3b"
"GO:0051301","BP","GO:0051301","cell division",436,-0.345420516229713,-1.51684390711789,8.32803239284791e-05,0.00278134461748912,0.00232021164481964,2321,"tags=27%, list=17%, signal=23%","Nup62/Hdgf/Wdr5/Ccnd3/Tgfb1/Ska2/Ncapd2/Kif14/Tgfa/Babam1/Haus3/Cdk2ap2/Snx18/Ppp1ca/Smyd5/Gipc1/Cdca4/Bcl2l1/Etv5/Anapc15/Rps3/Ruvbl1/Itgb3bp/Spdl1/Knstrn/Blm/Cdk2/Dppa3/Knl1/Ska1/Septin11/Nusap1/Oip5/Dynlt1/Kif20b/Kif4a/Cit/Pin1/Ckap2/Cfl1/Cdc6/E2f8/Kif18b/Kif11/Spire1/Sgo2/Gnl3/Vangl2/Tgfb2/Pmf1/Nek6/Sfn/Brip1/Tipin/Incenp/Nudc/Septin3/Pttg1/Tpx2/Ccnb2/Pard6b/Pkp4/Kifc1/Bora/Iqgap3/Ncapg/Prc1/Cdca8/Sgo1/Kif20a/Kif23/Spc24/Ncaph/E2f7/Ndc80/Racgap1/Zwilch/Myc/Cdc45/Cdca5/Top2a/Cenpa/Septin5/Aurkb/Ccnf/Spc25/Ran/Ube2s/Cep55/Wwtr1/Mis18a/Ect2/Cks1b/Spag5/Nuf2/Ccna2/Pdxp/Cdc20/Ccnb1/Anln/Ska3/Cenpt/Plk1/Cdca3/Sapcd2/Aurka/Klhl22/Cenpw/Birc5/Plk3/Cdk1/Ccne1/Pgf/Il1b/Hoxb4/Il1a/Cdkn2a/Ereg/Ooep"
"GO:0043616","BP","GO:0043616","keratinocyte proliferation",56,-0.62029687818729,-2.0464714999446,0.000103493782011901,0.00338256600353427,0.00282175354374328,1190,"tags=23%, list=9%, signal=21%","Sfn/Ctsl/Zfp36/Cdkn1a/Has2/Fgf10/Nfkbiz/Fst/Tgm1/Cdkn2a/Ereg/Il17a/Reg3g"
"GO:1903046","BP","GO:1903046","meiotic cell cycle process",162,-0.451542173009926,-1.79427363195395,0.000108338350357126,0.00349608313726286,0.00291645010666018,2493,"tags=38%, list=18%, signal=31%","Cdc25c/Psmd13/Psmc3ip/Fignl1/Ncapd3/Ncapd2/Fbxo5/Calr/Kif18a/Rad51ap1/Farsa/Chtf18/Cyp26b1/Tubg1/Nsun2/Rad51c/Cdk2/Suv39h2/Smc2/Haspin/Ndc1/Cenpe/Spire1/Sgo2/Brip1/Incenp/Pttg1/Ccnb2/Rad51/Mastl/Espl1/Sgo1/Ncaph/Ndc80/Ccne2/Top2a/Ccnb1ip1/Fancd2/Trip13/Pkmyt1/Rad54b/Nuf2/Ttk/Cdc20/Ccnb1/Mybl1/Plk1/Aurka/Eme1/Ankle1/Birc5/Cdk1/Lif/Majin/Msx2/Gja1/Ccne1/Msx1/Osm/Ereg/Ooep"
"GO:0046427","BP","GO:0046427","positive regulation of receptor signaling pathway via JAK-STAT",30,-0.722036594943066,-2.09710674149821,0.000111074500994069,0.00356931841849849,0.00297754334597547,148,"tags=20%, list=1%, signal=20%","Tnf/Il23a/Il10/Cxcl6/Cyp1b1/Prl2a1"
"GO:0071692","BP","GO:0071692","protein localization to extracellular region",355,0.386389793463503,1.55032213776942,0.000113935232860153,0.0036459274515249,0.00304145098597396,2648,"tags=30%, list=19%, signal=25%","Ghrl/Tacr2/Vip/Ccn3/Gcg/Rfx6/Casr/Nr1d1/Nmu/C1qtnf3/Kcnj11/Chga/Ptger3/Pde8b/Brsk2/Neurod1/Baiap3/Slc18a2/Ptprn2/Kcnb1/Sybu/Isl1/Alox5/Cnr1/Il12a/Lepr/Abcc8/Adcy5/Snap25/Nr1h4/Olr59/Cacna1c/Abat/Piwil4/Tlr4/Pclo/Ano1/Myom1/Clstn3/Agtr1a/Prkcq/Gipr/Gja5/Tm7sf3/Sytl4/Prkcb/Gnaz/Syt9/Tgfb3/Cd38/Sncg/Apbb1/Abca1/Cftr/P2rx7/Stim1/Slc4a8/Myt1/Chrm3/Pde4c/Ffar2/C1qtnf5/Foxa2/Nnat/Pfkm/Per2/Krt20/Rapgef4/Irs2/Frmd4a/Ccl5/Plcb1/Cavin1/Pde1c/Syt7/Trem2/Sox4/Sirt4/Golph3l/Abcg1/Nrros/Trpm4/Kcnn4/Glul/Srcin1/Acvr1c/Steap3/Blk/Oxct1/Slc12a2/Hnf4a/Kcnq1/Pde3b/Acvr2b/Fbn2/Ptger4/Pim3/Il12b/Sirt1/Ankrd1/A1cf/Hnf1b/Nbl1/Hadh/Gnptab"
"GO:0030431","BP","GO:0030431","sleep",20,0.767276113535732,1.95170503130218,0.000119940646176396,0.00375945107359456,0.00313615296149755,636,"tags=50%, list=5%, signal=48%","Ghrl/Nmu/Ptger3/Per3/Adora1/Gabrb3/Ptgds/Il18/Adrb1/Kcna2"
"GO:0007416","BP","GO:0007416","synapse assembly",156,0.463618090191663,1.70897702540908,0.00011932610480387,0.00375945107359456,0.00313615296149755,2625,"tags=36%, list=19%, signal=29%","Ghrl/Musk/Slit1/Adgrb2/Flrt1/Gabrb3/Arhgef9/Pcdh17/Ache/Dnm3/Bsn/Ntn1/Snap25/Map1b/Gprasp3/Lrrn1/Shank3/Fzd5/Pclo/Shank2/Clstn3/Lzts3/Pik3r1/Ephb1/Lrrn3/Syndig1/Lzts1/Grin1/Vstm5/Prkca/Nrg2/Psd/Ephb3/Magi2/Ptprd/Arhgef15/Lrrc24/Lrp4/Robo1/Adgrl1/Numbl/Lingo4/Slitrk2/Cacna1a/Nlgn3/Lrfn1/Eef2k/Srcin1/Large1/Flrt2/Mef2c/Ntng2/Amigo2/Dkk1/Slitrk6/Ppp1r9a"
"GO:1903115","BP","GO:1903115","regulation of actin filament-based movement",41,0.638436286465687,1.93351988129533,0.00012831763522747,0.00396328391916236,0.00330619134469872,2118,"tags=46%, list=15%, signal=39%","Atp1a2/Ptger3/Casq2/Adora1/Ryr2/Ank2/Akap6/Fxyd1/Cacna1h/Adrb1/Cacna1c/Cav1/Tnnt2/Gja5/Myh7b/Adcy10/Akap9/Dbn1/Trpm4"
"GO:0051604","BP","GO:0051604","protein maturation",414,-0.346974387967191,-1.5146405658358,0.000145397419093629,0.0043779506347562,0.00365210840085572,2600,"tags=31%, list=19%, signal=26%","Cdc37/Cct2/Tbca/Hspa13/Cwc27/Naa15/Ppie/Erp29/Spcs2/Hspb2/Casp1/Pidd1/Cct7/Stoml2/Cct5/Hsp90ab1/Selenof/Pfdn2/Hspa4/Pfdn5/Pdia4/Hypk/Cct4/Timm23/Hspa9/Grpel1/Hspa5/Timm17a/Hspa8/Tcp1/Fam111a/Ppia/Sdf2l1/Immp1l/Calr/Ahsa1/Spcs1/Tor1a/Dnajb11/Cct3/Masp1/Hsp90b1/Glrx3/Casp8/Fkbp4/Cct8/Naa30/Mvp/Hsph1/Chordc1/Pfdn1/Ruvbl1/Rap1gds1/Hspd1/Hm13/Fkbp11/Ptges3/Prdx4/Trap1/Ppil1/Nudcd2/Bola3/Gcsh/Ppih/Lipt1/Ppil3/Tmem208/Pdcd5/Pcsk6/Pmpca/Dnajc25/Bag2/Dohh/Dnaja1/Il1r2/Tmprss2/Adam9/Cct6a/Pitrm1/Nudc/Cntn2/Bola2/Rasal2/Ctsl/Chchd4/Pcsk4/Cst7/Lgmn/Naa20/Gzma/Fxn/Myc/Sec11c/Eno1/S100a10/Hspb1/Pthlh/Dnajb1/Pfdn4/Hspe1/Hsp90aa1/Anxa2/Casp12/Pcsk9/Ttc9/Cpm/Pgk1/Chac1/F3/Ppia-ps13/Plau/Gp5/Prss12/Ero1a/Casp4/Hspa1a/Ctsz/Enpep/F5/Ggt1/Duoxa2/Serpine1/Myrfl/Plat/Myrf/Meltf/Nppb"
"GO:0002181","BP","GO:0002181","cytoplasmic translation",93,-0.520386672923564,-1.90215987627414,0.000150334406175625,0.00450885309188699,0.00376130788784506,3728,"tags=61%, list=27%, signal=45%","Eif3j/Cnbp/Rplp1/Rwdd1/Eif3g/Rpl18a/Rpl22/Rps6/Rpsa/Rpl18/Rpl8/Dhx29/Rpl6/Drg1/Etf1/Slbp/Ftsj1/Rpl19/Rplp2/Rpl15/Eif3k/Pabpc1/Rps29/Rpl26/Eif2b3/Rpl31/Rps28/Rpl29/Eif2d/Rplp0/Rpl24/Eif3b/Sars1/Rps14/Rps2/Rpl32/Eif3i/Denr/Aars1/Rpl17/Rpl10a/Rpl13a/Rpl11/Eif3d/Rpl36/Rps21/Eif3c/Eif2s2/Rps23/Eif4a1/Zfp385a/Rpl9/Rpl38/Pkm/Eif4ebp1/Rpl22l1/Rpl39"
"GO:0001708","BP","GO:0001708","cell fate specification",64,0.577531183078388,1.88457202312813,0.000163435430307013,0.00482607788026267,0.0040259383990685,2820,"tags=50%, list=21%, signal=40%","Hoxa13/Fev/Hoxa11/Ptch2/Nkx2-2/Isl1/Ar/Shh/Apc2/Gli2/Nfix/Tbx1/Sox18/Nfia/Tbx4/Smo/Foxa2/Tbx10/Ascl1/Lmo4/Ihh/Wnt11/Ptch1/Tbx21/Nfib/Sox17/Tbx6/Dkk1/Fgfr1/Hnf1b/Bmpr1a/Foxa1"
"GO:0034612","BP","GO:0034612","response to tumor necrosis factor",243,-0.384729350483277,-1.61611139740352,0.000211987982331313,0.005982598113911,0.00499071338477408,1278,"tags=19%, list=9%, signal=18%","Wdr35/Icam1/Tnfrsf4/Adam9/Ccn1/F2rl1/Tuba1a/Ccl3/Nfkbia/Zfp36/Ccl12/Traip/Has2/Il18bp/Tnfrsf1a/Eif5a/Tnfsf18/Tnfrsf21/Cx3cl1/Tnfrsf1b/Birc3/Ccl7/Ccl2/Ccl4/Mmp3/Fos/Ccl20/Tmsb4x/Ocstamp/Casp4/Ccl9/Hspa1a/Zc3h12a/Gata3/Mmp9/Tnf/Ass1/Mmp8/Ccl25/Ggt1/Adipoq/Lcn2/Tnfsf11/Ptgs2/Cyp1b1/Nos2/Reg3b"
"GO:0001819","BP","GO:0001819","positive regulation of cytokine production",428,-0.33482135834577,-1.46463990831192,0.00021619868297122,0.00604368295374669,0.00504167066486714,1535,"tags=19%, list=11%, signal=18%","Ddx21/Hras/Irf7/Phb1/Oas2/Il12rb2/Crlf2/Il1rap/Hmgb2/Tmem106a/Slc7a5/Cgas/Ly96/Rel/Mmp12/Scimp/Eif2ak3/Agpat2/Trim16/Ccn1/F2rl1/Ccl3/Irf4/Tlr2/Hif1a/Cd276/Il1rl1/Nox1/Trim27/Cd55/Tnfrsf1a/Gapdh/Hspb1/Cx3cl1/Batf/Clec4e/Ccdc88b/Hsp90aa1/Cebpb/Sema7a/Il4r/Adra2a/Ccl2/Anxa1/Ccl4/Adam8/Mif/Ccl20/Hilpda/Cxcl17/Pou2af1/Heg1/Ido1/Nod2/Egr1/Tnfsf9/F3/Pde4b/Casp4/Hspa1a/Twist1/P2ry2/Arid5a/Bcl3/Il1b/Gata3/Sting1/Tnf/Il23a/Mmp8/Il1a/Il10/Adipoq/Serpine1/Trim15/Osm/C3/Ptgs2/Cyp1b1/Ereg/Nos2/Il17a/Il17c"
"GO:0051384","BP","GO:0051384","response to glucocorticoid",231,-0.392068475106816,-1.62840244162296,0.000263338831198262,0.00694488062415278,0.00579345428636176,889,"tags=18%, list=6%, signal=17%","Zfp36/Hif1a/Eif4ebp1/Cdkn1a/Arg1/Tk1/Junb/Pfkfb1/Ccl2/Anxa1/Alpl/Fos/Mif/Birc5/Gjb2/Anxa3/Hp/Esr2/Areg/Stc1/Ccne1/Slit2/Il1b/Fosb/Tnf/Ass1/Fosl1/Adm/Il10/Adipoq/Serpine1/Cxcl2/Cxcl1/Plat/C3/Socs3/Ptgs2/Cyp1b1/Nos2/Il17a/Il22"
"GO:0035821","BP","GO:0035821","modulation of process of another organism",11,-0.879780027252375,-2.06469843981153,0.000267465017745602,0.00700538512232315,0.00584392744252376,1339,"tags=82%, list=10%, signal=74%","Pomc/F2rl1/Prf1/Arg1/Fcer2/Cxcl6/Cxcl1/Nos2/S100a9"
"GO:1902850","BP","GO:1902850","microtubule cytoskeleton organization involved in mitosis",145,-0.451734332994105,-1.76883507328987,0.000272888505262887,0.00712304193942169,0.00594207735009289,2593,"tags=33%, list=19%, signal=27%","Poldip2/Mapre1/Spry1/Rcc1/Poc1a/Nup62/Bccip/Fam110a/Cenph/Tubg1/Spdl1/Nusap1/Dynlt1/Kif4a/Map1s/Prickle1/Kif11/Stil/Cenpe/Dlgap5/Nudc/Tpx2/Nek2/Kifc1/Bora/Prc1/Aaas/Kif23/Ndc80/Racgap1/Cenpa/Aurkb/Tacc3/Spc25/Nuf2/Mad2l1/Cdc20/Ccnb1/Fgf10/Plk1/Sapcd2/Aurka/Plk5/Mybl2/Plk3/Cdk1/Hspa1a/Gja1"
"GO:0007626","BP","GO:0007626","locomotory behavior",194,0.419544198189169,1.58434172094466,0.000363278603114595,0.00896243469877556,0.0074765080253907,1317,"tags=24%, list=10%, signal=22%","Lgi4/Elavl4/Atp1a2/Gpr37/Npy1r/Hexb/Astn1/Slc18a2/Npas2/Cacna1b/Cxcl12/Lmx1a/Lepr/Pde1b/Adcy5/Rcan2/Apba1/Sez6/Snap25/Ciart/Uchl1/Meis1/Cacna1c/Abat/Shank3/Adam22/Apba2/Selenop/Cntn1/Slc6a4/Tmod1/Sobp/Shank2/Fzd4/Kcnd2/Tal1/Cdh23/Lrrk2/Dpp4/Gad1/Reln/Myo15a/Gpr52/Grin1/Sncg/Gpr88"
"GO:0071173","BP","GO:0071173","spindle assembly checkpoint signaling",33,-0.679599271704495,-2.04236303808564,0.000372735103666546,0.00904539293018751,0.00754571219856123,2049,"tags=64%, list=15%, signal=54%","Gen1/Mad2l1bp/Psmg2/Anapc15/Spdl1/Knl1/Kntc1/Haspin/Cenpe/Xrcc3/Bub1b/Bub1/Ndc80/Zwilch/Trip13/Ttk/Mad2l1/Ccnb1/Plk1/Klhl22/Birc5"
"GO:0071174","BP","GO:0071174","mitotic spindle checkpoint signaling",33,-0.679599271704495,-2.04236303808564,0.000372735103666546,0.00904539293018751,0.00754571219856123,2049,"tags=64%, list=15%, signal=54%","Gen1/Mad2l1bp/Psmg2/Anapc15/Spdl1/Knl1/Kntc1/Haspin/Cenpe/Xrcc3/Bub1b/Bub1/Ndc80/Zwilch/Trip13/Ttk/Mad2l1/Ccnb1/Plk1/Klhl22/Birc5"
"GO:0010172","BP","GO:0010172","embryonic body morphogenesis",14,0.798656733453248,1.89611959929849,0.00041867163501232,0.00997507995194461,0.00832126177999564,94,"tags=14%, list=1%, signal=14%","Grem2/Mab21l2"
"GO:0019058","BP","GO:0019058","viral life cycle",215,-0.394333004068293,-1.61521828350488,0.000498295722984093,0.0114443414095566,0.00954692706498053,1711,"tags=18%, list=12%, signal=16%","Slc20a2/Ifitm2/Mx2/Vps37b/Ppih/Tmem39a/Usp6nl/Nectin2/Phb1/Oas2/Cd300ld/Tmprss2/Banf1/Trim59/Oasl2/Ctsl/Oas1i/Nectin4/Top2a/Mir24-2/Cd55/Shfl/Slc7a1/Hmox1/Plscr1/Anxa2/Lrrc15/Ly6e/Stom/Bst2/Isg20/Apobec3/Zc3h12a/Ceacam1/Tnf/Trim15/Trim10/Serpinb3/Serpinb3a"
"GO:0002713","BP","GO:0002713","negative regulation of B cell mediated immunity",11,0.818200768907433,1.83245696619364,0.000617617763340861,0.0132064728230157,0.0110169059376099,517,"tags=27%, list=4%, signal=26%","Cr2/Susd4/Svep1"
"GO:0002890","BP","GO:0002890","negative regulation of immunoglobulin mediated immune response",11,0.818200768907433,1.83245696619364,0.000617617763340861,0.0132064728230157,0.0110169059376099,517,"tags=27%, list=4%, signal=26%","Cr2/Susd4/Svep1"
"GO:0006457","BP","GO:0006457","protein folding",156,-0.422554710075828,-1.67594360578228,0.000653350930932835,0.0135783367385172,0.0113271166830203,3082,"tags=46%, list=22%, signal=36%","Anp32e/Ppid/Hyou1/Pfdn6/Pdia3/Ppib/Ppic/Bag1/Pdia6/Hspa14/Cdc37/Cct2/Tbca/Hspa13/Cwc27/Ppie/Erp29/Hspb2/Cct7/Cct5/Hsp90ab1/Selenof/Pfdn2/Hspa4/Pfdn5/Pdia4/Hypk/Cct4/Hspa9/Grpel1/Hspa5/Hspa8/Tcp1/Ppia/Sdf2l1/Calr/Ahsa1/Tor1a/Dnajb11/Cct3/Hsp90b1/Fkbp4/Cct8/Hsph1/Chordc1/Pfdn1/Hspd1/Fkbp11/Ptges3/Prdx4/Trap1/Ppil1/Nudcd2/Ppih/Ppil3/Pdcd5/Dnajc25/Dnaja1/Cct6a/Nudc/Chchd4/Hspb1/Dnajb1/Pfdn4/Hspe1/Hsp90aa1/Ttc9/Ppia-ps13/Ero1a/Hspa1a/Nppb"
"GO:0050795","BP","GO:0050795","regulation of behavior",64,0.54246191500653,1.77013567160937,0.000830236189032368,0.0163229983900245,0.0136167272134357,684,"tags=23%, list=5%, signal=22%","Ghrl/Nr1d1/Nmu/Ptger3/Per3/Adora1/Baiap3/Npas2/Ptgds/Cnr1/Il18/Lepr/Adrb1/Kcna2/Shank3"
"GO:0086009","BP","GO:0086009","membrane repolarization",39,0.612593775378493,1.84636638410704,0.000850884667404101,0.0166009335109861,0.0138485820868321,2058,"tags=54%, list=15%, signal=46%","Kcnd3/Kcnh6/Casq2/Ank2/Akap6/Scn4b/Cacna2d1/Akap7/Kcnj5/Kcnd2/Cav1/Gja5/Scn2b/Kcne2/Atp1b2/Adcy10/Akap9/Kcnip2/Scn1b/Nos1ap/Cacnb3"
"GO:0044772","BP","GO:0044772","mitotic cell cycle phase transition",380,-0.333638151462569,-1.44582789212708,0.00085773561404738,0.0166920152067032,0.0139245628947132,2672,"tags=32%, list=19%, signal=26%","Ubd/Tcf19/Anapc5/Psme1/Gen1/Mad2l1bp/Fzr1/Nasp/Rpl26/Cdc25c/Chek1/Tcf3/Pidd1/E2f3/Rcc1/Cdk17/Ccnd3/Zpr1/Tgfb1/Dgkz/Slfn13/E2f4/Kif14/Fbxo5/Ube2e2/Hspa8/Rpl24/Ccdc57/Babam1/Dtl/Taf10/Psmg2/Cdk2ap2/Brca1/Apex1/Riok2/Eif4e/Rpl17/Anapc15/Pole/Spdl1/Rad51c/Blm/Cdk18/Phb2/Cdk2/Rad51b/Knl1/Kntc1/Tp53/Cit/Mtbp/Necab3/Haspin/E2f6/Tfdp1/Cdc6/Stil/Rpa2/Cenpe/Cdc7/Inhba/Xrcc3/Psme2/Nek6/Ccnb2/Skp2/Btn2a2/Mastl/Rrm1/Iqgap3/Pinx1/Ticrr/Bub1b/E2f7/Bub1/Ndc80/Ccne2/Muc1/Tpd52l1/Zwilch/Myc/Eif4ebp1/Cdca5/Aurkb/Ccnf/Cdkn1a/Tacc3/Donson/Trip13/Orc1/Ube2s/Cks1b/Rps27l/Ttk/Ccna2/Cdk14/Nabp1/Clspn/Mad2l1/Cdc20/Ccnb1/Hacd1/Fgf10/Plk1/Adamts1/Klhl22/Ccl2/Anxa1/Bid/Plk5/Ube2c/Birc5/Plk3/Cdk1/Rrm2/Ccne1/Ier3/Cdkn2a/Cyp1a1"
"GO:0097009","BP","GO:0097009","energy homeostasis",74,0.516116411786785,1.72132251003571,0.000868776825190504,0.0168639724849162,0.0140680105195823,1083,"tags=26%, list=8%, signal=24%","Ghrl/Edn2/Mrap2/Trpv1/Fmo2/Nmu/Tsku/Lepr/Slc35d3/Nr1d2/Ppargc1a/Pm20d1/Adrb1/Prkaa2/Slc12a3/Fmo4/Cd36/Mlxipl/Appl2"
"GO:0009952","BP","GO:0009952","anterior/posterior pattern specification",174,-0.402579760569014,-1.6143261107161,0.000888295979493474,0.0170616666916485,0.0142329280194453,345,"tags=10%, list=3%, signal=10%","Cyp26a1/Aurka/Tbx3/Ripply1/Msx2/Fgf8/Hoxb4/Msx1/Hoxb3/Hoxd8/Hoxd9/Hoxb5/Hoxb8/Hoxd4/Hoxb6/Hoxd3/Hoxb7"
"GO:0099500","BP","GO:0099500","vesicle fusion to plasma membrane",21,0.721432493471887,1.86711499896003,0.000969549960778644,0.0181771181460622,0.0151634432233103,1856,"tags=43%, list=14%, signal=37%","Rims1/Rimbp2/Cacna1b/Snap25/Cplx2/Trarg1/Syt9/Stx2/Syt7"
"GO:0010882","BP","GO:0010882","regulation of cardiac muscle contraction by calcium ion signaling",14,0.780031401396782,1.85190053035881,0.000969699817415453,0.0181771181460622,0.0151634432233103,650,"tags=36%, list=5%, signal=34%","Atp1a2/Casq2/Ryr2/Ank2/Cacna1c"
"GO:0006836","BP","GO:0006836","neurotransmitter transport",175,0.418661659333656,1.56793595683266,0.00105196366911219,0.019341289487811,0.0161346008018088,2233,"tags=30%, list=16%, signal=25%","Tacr2/Slc22a3/Atp1a2/Slc6a5/Syn1/Npy1r/Rims1/Baiap3/Syp/Slc18a2/Rimbp2/Slc6a1/Ptprn2/Cacna1b/Snap91/Abcc8/Apba1/Edn3/Snap25/Slc6a12/Gpr158/Apba2/Pclo/Slc6a4/Lrrk2/P2ry4/Cplx2/Kcnh1/Slc29a1/Prkcb/P2ry1/Syt9/Sncg/Prkca/P2rx1/P2rx7/Cadps/Slc4a8/Stx2/Per2/Sncaip/Slc28a2/Slc1a3/P2rx2/Syt7/Stx7/Cacna1a/Nos1ap/Brsk1/Kmo/Stxbp1/Sv2a"
"GO:0097530","BP","GO:0097530","granulocyte migration",135,-0.428977366133363,-1.65686188926183,0.00114797536998959,0.0206581544227774,0.017233136142432,897,"tags=22%, list=7%, signal=21%","Tlr2/Ccl12/Csf3r/Tnfsf18/Cx3cl1/Ccl7/Ccl2/Anxa1/Ccl4/Adam8/Ccl20/Cxcl17/Cxcr2/Nod2/Pde4b/Ccl9/Trem1/Tnfaip6/Slit2/Il1b/Il23a/Ccl25/Il1a/Cxcl3/Cxcl6/Cxcl2/Cxcl1/S100a8/Il17a/S100a9"
"GO:0071322","BP","GO:0071322","cellular response to carbohydrate stimulus",196,0.408453871962183,1.54380565098352,0.00121603446411886,0.0216284455385606,0.0180425578629729,1876,"tags=23%, list=14%, signal=20%","Ghrl/Pck1/Gcg/Rfx6/Casr/Nr1d1/Fbp1/Kcnj11/Pde8b/Brsk2/Neurod1/Baiap3/Ptprn2/Kcnb1/Sybu/Zbtb20/Aqp4/Lepr/Abcc8/Slc2a5/Adcy5/Ppargc1a/Map2k6/Nr1h4/Prkaa2/Piwil4/Ano1/Calcrl/Mlxipl/Slc29a1/Prkcb/Prkca/Cftr/Myt1/Pde4c/Foxa2/Gas6/Irs2/Slc12a6/Plcb1/Ghrhr/Pde1c/Txn1/Trem2/Sox4"
"GO:0032355","BP","GO:0032355","response to estradiol",208,-0.377756645887248,-1.54478554066317,0.00122241434024974,0.0216914730260557,0.0180951357094973,1273,"tags=20%, list=9%, signal=19%","Map2/Ldlr/Tgfb2/Arpc1b/Pcna/Nefh/H2az1/Hsd17b7/Hif1a/Myc/Tnfrsf1a/Ccna2/Fgf10/Aurka/Ccl2/Anxa1/Bid/Nqo1/Mmp3/Mif/Gjb2/F3/Esr2/Msx2/Gja1/Areg/Ccne1/Il1b/Socs1/Mmp9/Ass1/Nefm/Ggt1/Il10/Cxcl2/Cxcl1/C3/Socs3/Ptgs2/Cyp1b1/Nos2/Reg3b"
"GO:0033273","BP","GO:0033273","response to vitamin",146,-0.419991881533451,-1.65043216062425,0.00128291742939943,0.0223502334853003,0.0186446769921831,720,"tags=25%, list=5%, signal=24%","Pparg/Cyp26b1/Tnc/Cd40/Bdnf/Dnmt3b/Vwf/Tp53/Tgfb2/Arg2/Brip1/Crym/Arg1/Pim1/Cyp27b1/Cyp26a1/Sod2/Adamts1/Ccl2/Stc2/Alpl/Mif/Nfkbiz/Lrp2/Lrat/Cd44/Hp/Trem1/Stc1/Ccne1/Il1b/F5/Mmp9/Il1a/Ptgs2/Nos2/Cyp1a1"
"GO:0034508","BP","GO:0034508","centromere complex assembly",25,-0.707507598524141,-1.99602361693681,0.00131132659685797,0.0226882128160018,0.0189266210468216,1853,"tags=60%, list=13%, signal=52%","Cenph/Cenpo/Itgb3bp/Kntc1/Cenpe/Hjurp/Dlgap5/Cenpp/Cenpn/Cenpk/Cenpa/Mis18a/Cenpt/Cenpi/Cenpw"
"GO:0051709","BP","GO:0051709","regulation of killing of cells of another organism",10,-0.871950241511051,-1.99089378257264,0.00132613188433055,0.0227942310460051,0.0190150619865994,1339,"tags=80%, list=10%, signal=72%","Pomc/F2rl1/Prf1/Arg1/Fcer2/Cxcl6/Cxcl1/Nos2"
"GO:0050777","BP","GO:0050777","negative regulation of immune response",162,-0.414036128422693,-1.64523748236648,0.00139335369274231,0.0237335613409647,0.0197986560349575,1400,"tags=18%, list=10%, signal=16%","Zdhhc18/Cgas/Dusp22/Mmp12/Arg2/Banf1/Ttll12/Il1rl1/Aurkb/Trim27/Cd55/Tnfsf18/Arg1/Hmox1/Sh2d1b2/Il4r/Anxa1/Olfm4/Nod2/Tnfaip3/Pglyrp1/Alox15/Zc3h12a/Gpx2/Ceacam1/Npy/Il10/Fcrlb/Serpinb3a"
"GO:0098869","BP","GO:0098869","cellular oxidant detoxification",76,-0.498394250285648,-1.76263848381421,0.00160180727144499,0.0266898083050355,0.0222647720954663,624,"tags=20%, list=5%, signal=19%","Prdx6/Prdx1/Sod2/Nqo1/Txnrd1/Hp/Mgst1/Duox2/Hba-a3/Gpx2/Hbb/Hba-a1/Ptgs2/S100a8/S100a9"
"GO:0007631","BP","GO:0007631","feeding behavior",74,0.494246270133918,1.64838244018903,0.00180291754827279,0.029163462232434,0.0243283066217219,1248,"tags=26%, list=9%, signal=23%","Ghrl/Ppy/Mrap2/Pyy/Nmu/Npy1r/Tacr1/Cnr1/Ace2/Atp8a2/Lepr/Hand2/Uchl1/Unc79/Agtr1a/Cd36/Agt/Grin1/P2ry1"
"GO:0002831","BP","GO:0002831","regulation of response to biotic stimulus",443,-0.315028118444695,-1.38845431666058,0.00180365031850697,0.029163462232434,0.0243283066217219,1511,"tags=14%, list=11%, signal=13%","Nectin2/Smpdl3b/Irf7/Phb1/Hmgb2/Zdhhc12/Zdhhc18/Il18rap/Cgas/Ly96/C1qbp/Pomc/Mmp12/Scimp/Arg2/Banf1/Tigar/F2rl1/Ttll12/Klrb1b/Nfkbia/Irf4/Emilin2/Alpk1/Tlr2/Aurkb/Cd55/Arg1/Cx3cl1/Zbp1/Clec4e/Hsp90aa1/Sh2d1b2/Plscr1/Lag3/Adam8/Ppl/Mif/Nfkbiz/Prdm1/Nod2/Tnfaip3/Tnip3/Pla2g5/Casp4/Pvr/Hspa1a/Apobec3/Zc3h12a/Il1b/Tifa/Ceacam1/Sting1/Tnf/Il23a/Fosl1/Cxcl6/Trim15/Cxcl1/Ereg/Il17a/Reg3g/Serpinb3a"
"GO:1903943","BP","GO:1903943","regulation of hepatocyte apoptotic process",10,0.813099232286979,1.79472596830509,0.00181648916821221,0.0292473877020778,0.0243983176698819,723,"tags=30%, list=5%, signal=28%","H19/Prkaa2/Ppara"
"GO:0001906","BP","GO:0001906","cell killing",145,-0.411802845665307,-1.61247720948162,0.00197113256868636,0.030891848125642,0.0257701348119242,1164,"tags=19%, list=8%, signal=17%","RT1-T24-1/F2rl1/Rnf19b/Prf1/Klrb1b/Cd55/Arg1/C6/Sh2d1b2/Prdx1/Ccl2/Lag3/Lyz2/Lyc2/Pvr/Fcer2/Hspa1a/Trem1/Pla2g2a/Ceacam1/Il23a/Ripk3/Cxcl6/Cxcl1/C3/Nos2/Serpinb3a"
"GO:0051547","BP","GO:0051547","regulation of keratinocyte migration",15,-0.798299530680805,-1.9847166607831,0.00198494067449935,0.0309181797934236,0.0257921008213968,1222,"tags=40%, list=9%, signal=36%","Adam9/Has2/Fgf10/Hbegf/Mmp9/Serpine1"
"GO:0003341","BP","GO:0003341","cilium movement",107,0.454996420682214,1.60917830266087,0.00199392581564776,0.0309321392253024,0.0258037458495593,2035,"tags=25%, list=15%, signal=22%","Tacr2/Tac3/Chrna7/Celf3/Ccdc39/Tacr1/Apob/Aqp4/Rgn/Ttll6/Cfap47/Pla2g3/Cfap44/Ak7/Kif27/Dnah12/Ccdc65/Dnah11/Tekt1/Adcy10/Ccdc40/Neurl1/Nek10/Ccr6/Pltp/Rsph9/Cep131"
"GO:0019216","BP","GO:0019216","regulation of lipid metabolic process",288,0.370638299507467,1.45730849163477,0.00217881846207002,0.0332606858241747,0.0277462311137859,2340,"tags=27%, list=17%, signal=23%","Aqp8/Pck1/Apoa1/Gcg/Nr1d1/Fmo2/Pik3ip1/Pde8b/Hpgd/Adora1/Adora2b/Acer1/Thrb/Igf2/Cyp17a1/Abcg4/Zbtb20/Cnr1/Apob/Rgn/Snai2/Avil/Nr1d2/Ppargc1a/Asxl3/Slc45a3/Nr1h4/Prkg1/Pla2g3/Prkaa2/Ppara/C1qtnf2/Pik3cg/Obp2a/Clstn3/Rdh16/Fmo4/Hrh1/Cav1/Pdgfa/Cd36/Mlxipl/Appl2/Pink1/Agt/Prox1/Pdk2/Rarres2/Fgf1/Stard4/Rab38/Golm1/Gimap5/Pc/Foxa2/Pdk4/Hsd17b13/Irs2/Ccdc3/Ephx2/Rubcnl/Ncoa2/Kit/Trem2/Sirt4/Thra/Gnb3/Adgrf5/Abcg1/Mir192/Dkk3/Chp1/Zfp69/Crebl2/Isx/Hnf4a/Bcl11b/Pde3b"
"GO:2000108","BP","GO:2000108","positive regulation of leukocyte apoptotic process",36,-0.618454319398583,-1.87926549805479,0.00227468159261616,0.0345173905165246,0.0287945804779586,1676,"tags=42%, list=12%, signal=37%","Bax/Nfkbid/Tp53/Icam1/Tgfb2/Myc/Anxa1/Adam8/Ido1/Cd44/Hcar2/Lgals5/Ceacam1/Il10/Cdkn2a"
"GO:0071459","BP","GO:0071459","protein localization to chromosome, centromeric region",23,-0.714133839021522,-1.97796608712998,0.0023724464028236,0.0358553304030617,0.0299106966489976,1682,"tags=52%, list=12%, signal=46%","Spdl1/Cenpq/Knl1/Kntc1/Mtbp/Haspin/Bub1b/Zwilch/Cenpa/Aurkb/Ttk/Cdk1"
"GO:0046685","BP","GO:0046685","response to arsenic-containing substance",41,-0.601088302407909,-1.87975696792076,0.00241625235622442,0.0363075210354621,0.0302879163449592,1103,"tags=22%, list=8%, signal=20%","Nefh/Zfand2a/Myc/Cdkn1a/Hmox1/Tnfrsf11b/Zc3h12a/Cyp1b1/Cyp1a1"
"GO:0048499","BP","GO:0048499","synaptic vesicle membrane organization",24,0.65575538863826,1.76564440799407,0.00242292857524405,0.0363344269479735,0.0303103613922687,1856,"tags=33%, list=14%, signal=29%","Rims1/Rimbp2/Cacna1b/Snap25/Cplx2/Syt9/Stx2/Syt7"
"GO:0044849","BP","GO:0044849","estrous cycle",28,-0.680225893161052,-1.9555478316179,0.00246457740334891,0.0368146249625243,0.0307109449870431,498,"tags=29%, list=4%, signal=28%","Has2/Anxa1/Egr1/Esr2/Mmp7/Cyp1b1/Mmp13/Reg3b"
"GO:1901617","BP","GO:1901617","organic hydroxy compound biosynthetic process",179,0.401297463019941,1.50594006358098,0.00261946099962566,0.0386749763033534,0.0322628594162389,2692,"tags=30%, list=20%, signal=24%","Aqp8/Pck1/Cyp8b1/Apoa1/Avpr1b/Nr1d1/Hdc/Gpr37/Chrna7/Adcyap1r1/Insm1/Acer1/Abcg4/Apob/Snai2/Hand2/Cacna1h/Plcd1/Cyb5r2/Prkg1/Itpka/Prkaa2/Srd5a2/Epas1/Agtr1a/Cyp27a1/Prox1/P2ry1/Fgf1/Cftr/Stard4/Rab38/Cyp39a1/Ephx1/Per2/Ipmk/Hmgcs2/Pth1r/Sptssb/Pltp/Asah2/Abcg1/Dkk3/Akr1b1/Itpkb/Ddc/Abcd3/Pnpo/Sirt1/Tph1/Creb1/Cd244l1/Pts"
"GO:0008637","BP","GO:0008637","apoptotic mitochondrial changes",101,-0.453008656530187,-1.68123481966175,0.00274764012028713,0.0396489653584074,0.0330753659762865,2589,"tags=30%, list=19%, signal=24%","Mcl1/Siva1/Slc25a4/Hgf/Rnf7/Moap1/Bcl2l1/Mtch2/Hspd1/Bax/Hip1r/Tp53/Pdcd5/Timm50/Wdr35/Sfn/Pam16/Bnip3/Fxn/Bak1/Slc35f6/Pmaip1/Hk2/Sod2/Bid/Hspa1a/Ier3/Plaur/Mmp9/Cdkn2a"
"GO:0097479","BP","GO:0097479","synaptic vesicle localization",58,0.532670084305927,1.71645959893749,0.00278109837335041,0.0400561965336797,0.033415080267374,1558,"tags=22%, list=11%, signal=20%","Syn1/Slc2a4/Pcdh17/Ap3b2/Dnm3/Kif5a/Snap91/Bsn/Pclo/Trim46/Lrrk2/Syndig1/Magi2"
"GO:0016051","BP","GO:0016051","carbohydrate biosynthetic process",170,0.405080911243296,1.51112917069957,0.00280337872444018,0.0401359732097437,0.0334816303710989,1643,"tags=22%, list=12%, signal=20%","Pck1/St6galnac1/Gcg/Avpr1b/Nr1d1/Fbp1/C1qtnf3/Adcyap1r1/Igf2/Aldob/B3galt2/Rgn/Lepr/Ppargc1a/Plcd1/Chst9/St6galnac6/Prkg1/Ppara/Epm2a/C1qtnf2/Cyp2j4/Obp2a/Egf/Cd36/Gulo/Pdk2/St3gal2/Chst10/P2ry1/Fut9/Chst15/Pc/Ppp1r3c/Insr/Per2/Ndst4/Irs2"
"GO:1900408","BP","GO:1900408","negative regulation of cellular response to oxidative stress",10,-0.857834143787967,-1.95866298561527,0.0028332544129207,0.0403514520484497,0.0336613839002496,1006,"tags=50%, list=7%, signal=46%","Tbc1d24/Scly/Hspb1/Ncoa7/Reg3b"
"GO:0099504","BP","GO:0099504","synaptic vesicle cycle",193,0.404735204664152,1.52760925861272,0.0028508559140888,0.0405266654850393,0.0338075478287854,2233,"tags=26%, list=16%, signal=22%","Syn1/Npy1r/Rims1/Slc2a4/Syp/Slc18a2/Pcdh17/Rimbp2/Dnm3/Cacna1b/Snap91/Sh3gl3/Bsn/Apba1/Snap25/Scrn1/Apba2/Pclo/Ston1/Dnajc6/Lrrk2/P2ry4/Cplx2/Kcnh1/Prkcb/Syndig1/P2ry1/Lpar1/Syt9/Sncg/Prkca/P2rx1/P2rx7/Cadps/Slc4a8/Stx2/Magi2/Rapgef4/Synj2/P2rx2/Syt7/Pacsin1/Stx7/Cacna1a/Nlgn3/Cdk5r1/Brsk1/Stxbp1/Btbd8/Sv2a"
"GO:0014824","BP","GO:0014824","artery smooth muscle contraction",10,0.798895540923364,1.76337464890418,0.00299472680857934,0.0417188900400998,0.0348021075386816,1292,"tags=50%, list=9%, signal=45%","Edn2/Scnn1b/Edn1/Agt/Cd38"
"GO:0140694","BP","GO:0140694","non-membrane-bounded organelle assembly",353,-0.313515652388227,-1.35539910070621,0.00328852990474638,0.0448318657959007,0.0373989675441745,3660,"tags=40%, list=27%, signal=30%","Fxr1/Ankrd23/Limd1/Chmp2b/Wdr62/Zfp207/Mdn1/Msn/Ccsap/Arpc2/Mterf4/Dcaf13/Vil1/Chek2/Rps6/Rpsa/Rnf4/Bicd1/Rps5/Dhx29/Fau/Rttn/Usp10/Rpl6/Drg1/Atxn2l/Abt1/Mzt1/Src/Rps27/Rab11a/Dhx37/Kpnb1/G3bp1/Klhl41/Fastkd2/Rrp7a/Plec/Actn1/Haus6/Xrcc5/Kat2a/Poldip2/Mapre1/Akap13/Brix1/Haus1/Aup1/Rps28/Rcc1/Srf/Cep76/Nup62/Rrs1/Bccip/Rplp0/Fbxo5/Rpl24/Ccdc57/Rpl23a/Rps19/Ogfod1/Haus3/Rps14/Pwp2/Rps2/Cep295/Cep135/Rps15/Eif1ax/Mrpl20/Cenph/Rps10/Rps3/Mrps2/Nle1/Trim37/Rpl11/Six4/Sqle/Rpf2/Cdk2/Npm1/Kntc1/Haus4/Fscn1/Csrp2/Kif4a/Lsm3/Prickle1/Eif2s1/Plk4/Rnf213/C1qbp/Kif11/Stil/Cenpe/Nop2/Rps23/Haus5/Nip7/Tubb5/Rps25/Mrps7/Dlgap5/Incenp/Lsm4/Tpx2/Ccnb2/Bop1/Nek2/Ppan/Mastl/Kifc1/Prc1/Mrto4/Jmjd6/Rpl38/Aaas/Kif23/Ndc80/Racgap1/Cenpk/Cenpa/Aurkb/Spag5/Rps27l/Actg1/Cdc20/Cenpt/Pla2g4c/Plk1/Aurka/Sh3pxd2b/Cep72/Cenpw/Mybl2/Hspa1a/Tnf/Casq1"
"GO:0001666","BP","GO:0001666","response to hypoxia",416,-0.311653313066042,-1.36089775640163,0.00332748709305811,0.0450418075888645,0.0375741020419659,1334,"tags=19%, list=10%, signal=17%","Mmp12/Cox4i2/Inhba/Npepps/Ldlr/Icam1/Tgfb2/Tfrc/Arg2/Brip1/Ccn1/Tigar/Plod1/Bnip3/Pkm/Tlr2/Muc1/Hif1a/Myc/Eif4ebp1/Tacc3/Tnfrsf1a/Apold1/Eno1/Cx3cl1/Hmox1/Ccna2/Pmaip1/Nox4/Ccnb1/Pdk3/Hk2/Jag2/Ldha/Sod2/Junb/Slc2a1/Ccl2/Egln3/Stc2/Angpt2/Mmp3/Adam8/Aldoc/Fos/Mif/Hilpda/Plk3/Pgk1/Egr1/Plau/Lif/Hp/Epor/Ero1a/Twist1/Stc1/Slit2/Alas2/Pgf/Il1b/Mmp9/Tnf/Angptl4/Adm/Ak4/Il1a/Adipoq/Serpine1/Lcn2/Plat/Socs3/Ptgs2/Mmp13/Nos2/Nppb/Cyp1a1"
"GO:0044391","CC","GO:0044391","ribosomal subunit",170,-0.644477207179332,-2.56888183674327,8.09181893956801e-15,2.06287437499387e-11,1.72086016114813e-11,3553,"tags=78%, list=26%, signal=58%","Rps9/Mrpl16/Mrpl40/Mrps28/Mrpl13/Mrpl3/Mterf4/Rpl18a/Rpl22/Rps13/Rps6/Rpsa/Rpl18/Rpl13/Mrpl46/Mrpl18/Rpl8/Mrpl19/Rack1/Rps5/Mrps25/Mrpl23/Dhx29/Fau/Mrps5/Rpl6/Rps8/Rpl37a/Mrpl48/Rps27/Mrpl39/Rpl21/Rps11/Mrpl57/Rpl19/Rpl23/Rplp2/Mrps26/Rpl15/Mrps14/Mrpl10/Rps29/Mrps18b/Mrpl1/Mrps27/Rpl26/Mrpl43/Rpl7l1/Rpl4/Rpl31/Rps28/Rpl12/Mrpl30/Rpl7a/Mrpl37/Mrpl41/mrpl11/Rpl29/Mrps22/Eif2d/Mrpl27/Mrpl49/Mrps16/Rplp0/Rpl24/Rpl23a/Oscp1/Rps19/Rps14/Rps2/Uba52/Rpl32/Mrps11/Mrpl42/Mrpl12/Rps15/Rps24/Rpl14/Rpl35a/Rpl17/Mrps12/Mrpl21/Mrpl20/Rpl28/Rps10/Mrpl32/Rpl27/Rpl10a/Rps3/Rpl13a/Mrps2/Rpl11/Mrpl28/Rpl36al1/Rps16/Rpl34/Npm1/Mrpl35/Mrps15/Rps15a/Rpl36/Rpl35/Rps21/Mrpl45/Rps12/Rpl37/Mrpl22/Mrpl55/Mrps18c/Mrpl17/Rps27a/Rps18/Rps23/Rps25/Mrps7/Rps17/Mrps10/Mrpl54/Mrps34/Rpl9/Snu13/Mrpl4/Rpl38/Rps20/Mrpl38/Rpl30l1/Nhp2/Rps27l/Rps27a-ps1/Rpl39/Rpl37l1/Rps15al4"
"GO:0034703","CC","GO:0034703","cation channel complex",101,0.641658590909296,2.24642825891725,3.26543651607144e-10,9.98962338996575e-08,8.33339398901431e-08,2334,"tags=52%, list=17%, signal=44%","Scn7a/Unc80/Kcnd3/Trpc4/Kcnj11/Scnn1g/Scnn1b/Ryr2/Kcnb1/Mcub/Scn3a/Cacna1b/Akap6/Abcc8/Scn4b/Pex5l/Scnn1a/Snap25/Cacna1h/Kcnab1/Scn3b/Gria4/Cacnb2/Kcna2/Cacnb1/Cacna1c/Cacna2d1/Kcnip3/Kcnj5/Kcnmb1/Kcnd2/Kcng3/Lrrc26/Scn2b/Kcne2/Kcnh1/Kcnk2/Kcna6/Ryr1/Hspa2/Akap9/Kcnip2/Pkd2/Scn1b/Pkd1/Kcnd1/Kcnab2/Cacna1a/Cacnb3/Trpm4/Dpp6/Abcc9/Kcnq1"
"GO:0030684","CC","GO:0030684","preribosome",104,-0.646765847884699,-2.42103142332538,1.8946283333207e-09,3.62252937330918e-07,3.02193219164651e-07,3686,"tags=76%, list=27%, signal=56%","Utp11/Aatf/Las1l/Nsa2/Rps9/Dcaf13/Rps13/Rps6/Utp6/Pdcd11/Pes1/Rps5/Rps8/Rps27/Imp3/Wdr36/Rps11/Dhx37/Dimt1/Mphosph10/Rrp7a/Xrcc5/Rrp1/Nob1/Rps19bp1/Imp4/Srfbp1/Fcf1/Rps28/Utp3/Rrp15/Rrp1b/Ltv1/Nop14/Tbl3/Rrs1/Utp14a/Heatr1/Wdr46/Rps19/Rps14/Pwp2/Nop9/Utp15/Mak16/Rps24/Riok2/Wdr43/Casp8/Ftsj3/Rps7-ps23/Noc2l/Rrp9/Wdr12/Rps16/Rps15a/Utp18/Rps12/Bysl/Tsr1/Rps27a/Nol10/Fbl/Pno1/Rps23/Nip7/Rcl1/Noc4l/Rps17/Bop1/Ebna1bp2/Ppan/Nop58/Snu13/Nop56/Mrto4/Pin4/Utp4/Emg1"
"GO:0000502","CC","GO:0000502","proteasome complex",59,-0.717392425842663,-2.40496493967734,5.63148542654053e-08,6.83644453050508e-06,5.70299635259184e-06,3398,"tags=83%, list=25%, signal=63%","Vcp/Ubqln1/Txnl1/Psmd7/Psma7/Psmd6/Psmd4/Rad23b/Ctrl/Psmc2/Psme1/Psmd1/Psmc6/Psmd11/Psmd13/Psma4/Psmc1/Psmd2/Psmc3/Psmd14/Psmb3/Psmb1/Psma1/Psmf1/Psmb4/Uchl5/G6pc1/Adrm1/Usp14/Psmd12/Psmc5/Psmc4/Psma2/Psmd3/Psma3/Psmb2/Psmb7/Psmd8/Psmb5/Prickle1/Psma6/Psmb6/Psme2/Psmb9/Psma5/Psmb8/Zfand2a/Hspb1/Slc10a2"
"GO:0098798","CC","GO:0098798","mitochondrial protein-containing complex",252,-0.467730864164448,-1.96786782785778,8.20868839201948e-08,9.65846904956385e-06,8.05714337555143e-06,5135,"tags=71%, list=37%, signal=45%","Ndufs1/Mrps35/Foxred1/Tomm40l/Mrpl14/COX3/Ndufa8/Mrps31/Samm50/Cox4i1/Ndufb11/Sdhc/Bckdk/Mrpl58/Mrps9/Atp5pf/Idh3a/Mrpl44/Dnajc19/Atp5f1d/Polrmt/Uqcrb/Iscu/Ndufa9/Atp5pd/ND3/Atp5pb/Apool/Dap3/Ndufa13/Atp5mc2/Uqcrfs1/Ndufa3/COX2/Ndufc2/Supv3l1/Mrpl36/Ndufb3/Cox5a/Timm22/Cox6c/Apoo/Cyc1/Pdk1/Tomm22/Mrpl47/Ndufb9/Timm21/Ndufs6/Idh3g/Mrps30/Uqcrh/Ndufb5/Ndufs8/Ndufc1/mrpl24/ND1/Trmt10b/Mrps21/Mrps18a/Immt/Atp5me/Ndufb8/Mrpl16/Mrpl40/Cox6b1/Mrps28/Mrpl13/Mrpl3/Mterf4/COX1/Mrpl46/ATP6/Bckdhb/Ndufa6/Mrpl18/Atp5mc3/Mrpl19/Mrps25/Mrpl23/Cox6a1/Mrps5/Mrpl48/Mcu/Atp5po/Ndufs5/Mrpl39/Agk/Mrpl57/Atp5mc1/Mrps26/ATP8/Ndufa12/Mrps14/Mrpl10/Mtx2/Atp5mpl/Mrps18b/Ndufs4/Nfs1/Ndufa5/Mrps27/Cox7c/Atp5mg/Slc25a4/Mtx1/Micos13/Mrpl43/Ndufb6/Ndufb7/Pdhx/Mrpl30/Mrpl37/Mrpl41/mrpl11/Pnpt1/Timm23/Mrps22/Grpel1/Mrpl27/Mrpl49/Timm17a/Mrps16/Cox7b/Immp1l/Ndufa11/Cox7a2/Timm17b/Mrps11/Mrpl42/Ndufa4l2/Mrpl12/Ndufab1/Mrps12/Mrpl21/Mrpl20/Mrpl32/Atp5mf/Uqcr10/Mrps2/Romo1/Tomm7/Mrpl28/Bax/Phb2/Trmt10c/Micos10/Mrpl35/Mrps15/Mrpl45/Mrpl22/Phb1/Mrpl55/Mrps18c/Mrpl17/Timm50/Tomm20/Ndufa2/Cox4i2/Atp5hl1/Mrps7/Atp5mk/Mrps10/Mrpl54/Uqcrq/Mrps34/Ndufa4/Mrpl4/Tomm40/Pam16/Timm9/Timm10/Mrpl38/Fxn/Timm8a1/Timm10b/Polg/Dnajc15/ND6"
"GO:0042383","CC","GO:0042383","sarcolemma",149,0.542372124879818,1.98288512094316,1.67758507628868e-07,1.83288152335083e-05,1.52899896953168e-05,1331,"tags=31%, list=10%, signal=28%","Kcnd3/Obscn/Atp1a2/Pgm5/Kcnj11/Sgce/Slc2a4/Rrad/Dtna/Car4/Ryr2/Kcnb1/Ank2/Alox5/Des/Aqp4/Akap6/Sspn/Abcc8/Fxyd1/Cav2/Slc2a5/Adcy5/Cacna1h/Cacnb2/Prkg1/Cacnb1/Ank1/Cacna1c/Cacna2d1/Akap7/Sgca/Flnc/Kcnj5/Dst/Lama2/Kcnd2/Cav1/Utrn/Prkcq/Cd36/Scn2b/Ank3/Ryr1/Tgfb3/Slc8a3"
"GO:1990351","CC","GO:1990351","transporter complex",251,0.464675392142888,1.80618263759333,6.20984508836033e-07,5.86332039947898e-05,4.89121131651097e-05,2334,"tags=30%, list=17%, signal=25%","Scn7a/Unc80/Kcnd3/Trpc4/Atp1a2/Best2/Kcnj11/Chrna7/Gria2/Gabrb3/Scnn1g/Scnn1b/Ryr2/Kcnb1/Mcub/Scn3a/Cacna1b/Akap6/Atp8a2/Abcc8/Fxyd1/Scn4b/Pex5l/Scnn1a/Snap25/Cacna1h/Kcnab1/Scn3b/Gria4/Cacnb2/Kcna2/Cacnb1/Cacna1c/Cacna2d1/Kcnip3/Kcnj5/Kcnmb1/Kcnd2/Kcng3/Gabrr2/Lrrc26/Scn2b/Kcne2/Kcnh1/Atp1b2/Cpt1c/Kcnk2/Grin1/Kcna6/Ryr1/Cftr/Clic2/Hspa2/Clic5/Clic6/Akap9/Kcnip2/Pkd2/Scn1b/Pkd1/Kcnd1/Kcnab2/Clcnka/Cacna1a/Cacnb3/Fxyd4/Atp8b2/Tmem30b/Trpm4/Chp1/Grin2d/Dpp6/Abcc9/Fxyd2/Kcnq1"
"GO:0097060","CC","GO:0097060","synaptic membrane",331,0.430273969009765,1.71407075555757,1.19641108885784e-06,0.00010055112096247,8.38802499660773e-05,1990,"tags=30%, list=14%, signal=26%","Kcnd3/Musk/Trpv1/Ano2/Tenm2/Slc6a5/Kcnj11/Npy1r/Rims1/Chrna7/Nrcam/Adora1/Gria2/Gabrb3/Syp/Pcdh17/Slc6a1/Ache/Chrm1/Dnm3/Kcnb1/Pcdh8/Cnr1/Snap91/Bsn/Apba1/Cryab/Snap25/Cacna1h/Gria4/Ptprt/Kcna2/Gpr158/Ank1/Cacna1c/Cpe/Syde2/Cacna2d1/Shank3/Adam22/Cntn1/Adam23/Fxyd6/Slc6a4/Ano1/Adora3/Slc16a7/Shank2/Clstn3/Tamalin/Dnajc6/Kcnd2/Utrn/Cadm3/Gabrr2/Ncam1/P2ry4/Mpp2/Nrp1/Adcy1/Kcnh1/Pdlim4/Syndig1/Lzts1/Grin1/P2ry1/Lpar1/P2rx3/Ank3/Apbb1/Syne1/Slc8a3/P2rx1/Slc4a8/Ngfr/Chrm3/Actn2/Stx2/Magi2/Igsf9b/Ptprd/Lrrc4c/Akap9/Lrp4/Ntng1/Pde2a/Erbb2/Prrt1/P2rx2/Syt7/Pacsin1/Kcnd1/Adgrl1/Kcnab2/Slitrk2/Cacna1a/Dbn1/Nlgn3/Lrfn1"
"GO:0150034","CC","GO:0150034","distal axon",345,0.429744551328091,1.71502232603326,1.28418339213087e-06,0.000105839807466019,8.82920988014125e-05,2233,"tags=27%, list=16%, signal=23%","Scgn/Stmn2/Tenm2/Casr/Elavl4/Nmu/Syn1/Chrna7/Brsk2/Adora1/Gria2/Ndrg2/Gabrb3/Syp/Slc18a2/Prph/Rimbp2/Slc2a13/Cdk5r2/Ache/Chrm1/Ptprn2/Kif5a/Crp/Cacna1b/Tmod2/Cnr1/Snap91/Snap25/Rasgrf1/Map1b/Gria4/Kcna2/Kcnip3/Crmp1/Pclo/Shank2/Itga4/Rtn4r/Basp1/Utrn/Ncam1/Lrrk2/Pink1/Cplx2/Gad1/Mapk8ip1/Nrp1/Myo1a/Kcnk2/Prkcb/Grin1/Kcna6/P2rx3/Sncg/Apbb1/Prkca/Slc8a3/P2rx7/Cdkl5/Stim1/Slc4a8/Ngfr/Chrm3/Dclk1/Smo/Adcy10/Ror1/Tubb3/Septin6/Dixdc1/Auts2/Rapgef4/Tnn/Whrn/Synj2/Ptch1/P2rx2/Syt7/Pacsin1/Stx7/Adgrl1/Hdac5/Kcnab2/Dbn1/Cdk5r1/Brsk1/Chrm2/Kif5c/Glul/Stxbp1/Inpp5j/Myo9a/Sv2a"
"GO:0043197","CC","GO:0043197","dendritic spine",180,0.45941389757297,1.72718780640769,5.02602358263723e-05,0.00194136506868735,0.00161949648773866,1995,"tags=28%, list=15%, signal=24%","Kcnd3/Trpv1/Tenm2/Atp1a2/Nr1d1/Chrna7/Adora1/Gria2/Dnm3/Apba1/Sez6/Cryab/Map1b/Gria4/Grid2ip/Itpka/Synpo/Shank3/Arhgap44/Cttnbp2/Prkar2b/Apba2/Shank2/Lzts3/Lama2/Kcnd2/Mpp2/Grk3/Dock10/Pdlim4/Syndig1/Lzts1/Grin1/Lpar1/P2rx3/Apbb1/Syne1/Slc8a3/Psd/Ngfr/Rapgef4/Neurl1/Slc1a3/Tanc2/Ncoa2/P2rx2/Kcnd1/Dbn1/Cdk5r1/Eef2k"
"GO:0030312","CC","GO:0030312","external encapsulating structure",306,0.407653134369981,1.61249651657918,6.51117229396417e-05,0.00232698344412327,0.00194118127268651,2021,"tags=31%, list=15%, signal=27%","Pkhd1l1/Ccn3/Mamdc2/Col14a1/Aspn/Mmrn1/Ecm2/Col6a6/Tsku/Chad/Efemp1/Ccbe1/Ntn4/Ache/Otol1/Dmp1/Fmod/Ogn/Cilp/Tgfbr3/Vtn/Thsd4/Col20a1/Hmcn2/Svep1/P3h2/Ntn1/Timp4/Sparcl1/Smoc2/Zg16/Sspo/Fbln7/Fgf9/Sned1/Col24a1/Lrrn1/Muc2/Adamts16/Thbs4/Mmrn2/Lingo1/Ccdc80/Col6a5/Shh/Col4a6/Adamtsl2/Optc/Fbln1/Lrrn2/Mfap4/Tril/Matn2/Egflam/Lama2/Wnt6/Gpc3/Col4a3/Frem2/Lrrn3/Mfap5/Reln/Ptx3/Cst3/Tgfb3/Rarres2/Hpse2/Crispld2/Fgf1/Mmp16/Col23a1/Gpc6/Adamts6/Cthrc1/Ltbp3/Ssc5d/Pmp22/Frem1/Cd180/Ihh/Mmp11/Lrig1/Angpt1/Tnn/Npnt/Wnt11/Papln/Fcgbp/Nav2/Matn4/Col6a4/Lingo4/Fgl2/Ccn4/Ndnf"
"GO:0043235","CC","GO:0043235","receptor complex",282,0.416595452095794,1.63710653836178,6.95695138325237e-05,0.00244067725592267,0.00203602522133716,2922,"tags=37%, list=21%, signal=30%","Amn/Cr2/Prlr/Musk/Sstr1/Gpr37/Trpv3/Gfra2/Chrna7/Adcyap1r1/Gria2/Gabrb3/Lifr/Ptprn2/Fgfr3/Itgbl1/Pigr/Tgfbr3/Lepr/Nr3c2/Pex5l/Ret/Gria4/Nr1h4/Tek/Klrd1/Vipr1/Sstr2/Flt3/Ptprb/Gpr156/Tlr4/Ghr/Gpr160/Tril/Mertk/Calcrl/Itga4/Plp1/Flt4/Cd36/Gabrr2/Tspan32/Itgb8/Itpr2/Tlr10/Gpr63/Cpt1c/Traf1/Grin1/P2rx3/Cd79b/Skap1/Pla2r1/Kdr/Bmal2/Ltk/Ddr2/Tlr7/Il27ra/Pmp22/Insr/Ror1/Acvr1b/Il13ra1-ps1/Kctd12b/Trat1/Il18r1/Erbb2/Tie1/Ros1/Pth1r/Kit/Plxna3/P2rx2/Traf5/Acvrl1/Plxdc1/Gpr20/Itga9/Itgad/Grin2d/P2rx6/Alcam/Acvr1c/Plxnc1/Itgb3/Acvr2b/Itga1/Itln1/Apbb1ip/Il12b/Fgfr1/Notch3/Plxna4/Ramp2/Bmpr1a/Gfra3/Bmp2/Il6r/Tlr6/Ahrr/Itgam/Sorbs1/Ptpn6"
"GO:0120114","CC","GO:0120114","Sm-like protein family complex",77,-0.552578751188662,-1.95825407575677,0.000136078529426546,0.00412987536926279,0.00344516276881493,3984,"tags=57%, list=29%, signal=41%","Snrpb2/Sf3b4/Sf3a1/Sf3b3/Lsm8/Lsm5/Prpf4/Clns1a/Lsm6/Snrpe/Sf3b6/Prpf31/Snrnp27/Tssc4/Ddx39b/Rbmx2/Gemin8/Sf3a3/Phf5a/Gemin5/Usp39/Snrnp40/Snrpd1/Eftud2/Sf3b5/Sf3a2/Snrpf/Snrpd3/Snrpb/Lsm1/Smn1/Snrpd2/Strap/Ppih/Lsm3/Snrpa1/Snrpc/Lsm4/Snu13/Lsm7/Snrpg/Lsm2/Snrpa/Snrpn"
"GO:0005643","CC","GO:0005643","nuclear pore",64,-0.58770000258095,-1.99819552232602,0.000214103020576171,0.00602007316678882,0.00502197526204402,4049,"tags=62%, list=29%, signal=44%","Nup88/Nup214/Nup153/Rae1/Mad1l1/Chmp2b/Nxt2/Nup188/Nup210/Xpo4/Kpnb1/Kpna4/Sec13/Nup160/Bicd2/Nup54/Pom121/Nup93/Nup62/Nup133/Nxt1/Nup37/Nup205/Mx2/Nup107/Nup155/Ndc1/Nup35/Ranbp17/Nup85/Ranbp1/Xpot/Nup43/Lbr/Nutf2/Aaas/Rangap1/Ran/Eif5a/Mad2l1"
"GO:0031253","CC","GO:0031253","cell projection membrane",288,0.393478945474354,1.54711536633228,0.000323621858414928,0.00811495073166351,0.0067695326448762,1816,"tags=26%, list=13%, signal=23%","Aqp8/Dpep1/Amn/Slc26a3/Trpv1/Slc34a2/Kcnj11/Ptger3/Slc9a3/Sgce/Chrna7/Adora1/Gria2/Prph/Car4/Ache/Kcnb1/Anpep/Trpm6/Dmtn/Cacna1b/Aqp4/Ace2/Scnn1a/Abcb1a/Jcad/Kcna2/Ank1/Shank3/Fam107a/Evc/Shank2/Apc2/Ehd3/Utrn/Cd36/Rasgrp2/Epb41l3/Dpp4/Mpp2/Appl2/Podxl/Kcnh1/Tmem231/Atp1b2/Prkcb/Evc2/Grin1/Bmx/Eps8l1/Cdkl5/Ndrg4/Psd/Ngfr/Psd3/Slc5a6/Smo/Kank1/Insr/Slc26a2/Mxra8/Syne2/Fap/Slc28a2/Fzd9/Robo1/P2ry12/Pkd2/Dlc1/Erbb2/Synj2/Slc6a20a/Ripor2/Pth1r"
"GO:0009897","CC","GO:0009897","external side of plasma membrane",338,0.37318872980383,1.48870862093217,0.000561275795044895,0.0123351645991476,0.0102900562424897,2831,"tags=36%, list=21%, signal=30%","Cr2/Prlr/Musk/Azgp1/Trpv1/Btnl5/Ms4a2/Ackr2/Gfra2/Astn1/Chrna7/Slc2a4/Scnn1g/Fcmr/Car4/Btnl4/Ache/Lifr/Scnn1b/Anpep/Cd19/Cxcl12/Btla/Aqp4/Btnl3/Xcr1/Tgfbr3/Lepr/Scnn1a/Ms4a1/Klrd1/Cd27/Cd163/Btnl7/Flt3/Ly9/Tlr4/Slamf6/Ghr/Ano1/Clec14a/Kcnj5/Map3k5/Itga4/Klri1/Rtn4r/Cd40lg/Ccr2/Cd36/Ncam1/Cxcr3/Art2b/Ackr4/Btnl9/Tmc1/Cd84/Atp1b2/Cd22/Scube1/Micb/Gucy2g/Abca1/Cd79b/P2rx1/Kdr/P2rx7/Ngfr/Cd5/Il27ra/Clec4a3/Slc4a3/Mr1/Insr/Ptprc/Il13ra1-ps1/RT1-T24-4/Asgr2/Clec2e/Klrk1/P2ry12/Kit/Slamf7/Agap2/Ccr6/Ly6g6c/Clec4a/Klrc3/Ace/Abcg1/Itga9/Itgad/Ccr3/Pecam1/Asgr1/Spa17/Cd34/Alcam/Spn/Cd83/Ctsk/Itgb3/Muc3/Clec2g/Itga1/Tlr8/Il12b/Plg/Ccr9/Clec10a/Kcnma1/Cd244l1/Antxr1/Bmpr1a/Vcam1/S1pr1/Cfh/Gfra3/Cxcr5/Cd302/Ece1/Cdh13/Cd59b/Il6r"
"GO:0016529","CC","GO:0016529","sarcoplasmic reticulum",58,0.552936963019213,1.78176696184909,0.00114245520098939,0.0206581544227774,0.017233136142432,1600,"tags=38%, list=12%, signal=34%","Casq2/Slc2a4/Car4/Rasd1/Ryr2/Akap6/P3h2/Cacnb1/Ank1/Cacna2d1/Thbs4/Gstm7/Atp2a3/Akap7/Itpr2/Ank3/Ryr1/Asph/Stim1/S100a1/Syne2/Pygm"
"GO:0016528","CC","GO:0016528","sarcoplasm",81,0.503562242711095,1.70026087852038,0.00116184620290579,0.0208586848822147,0.0174004196585421,1600,"tags=35%, list=12%, signal=31%","Casq2/Slc2a4/Car4/Rasd1/Ryr2/Scn3a/Akap6/P3h2/Cacnb1/Ank1/Cacna2d1/Thbs4/Gstm7/Atp2a3/Akap7/Flnc/Gsn/Tnnt2/Itpr2/Ank3/Ryr1/Slc8a3/Asph/Stim1/S100a1/Cthrc1/Syne2/Pygm"
"GO:0042581","CC","GO:0042581","specific granule",12,-0.848732528237055,-2.03315662039096,0.00123864336747092,0.021928575172263,0.0182929275103345,463,"tags=33%, list=3%, signal=32%","Adam8/Olfm4/Anxa3/Crisp3"
"GO:0000428","CC","GO:0000428","DNA-directed RNA polymerase complex",83,-0.477295379844877,-1.71324244894397,0.00178856476109102,0.0291041346655833,0.024278815267576,4846,"tags=64%, list=35%, signal=42%","Taf11/Taf2/Ercc3/Cdc73/Polrmt/Taf1/Polr2b/Gtf2h4/Leo1/Mnat1/Gtf2h5/Polr2e/Supt3h/Polr1h/Polr1c/Polr3a/Ccnh/Polr1d/Cdk7/Polr3b/Taf4b/Skic8/Taf12/Polr1a/Ercc2/Taf6/Kat2a/Pola1/Polr2g/Polr2i/Polr2j/Polr2f/Gtf2f2/Prim2/Polr1b/Prim1/Gtf2h1/Polr2h/Taf10/Polr3e/Polr3d/Polr3g/Polr1e/Taf9/Polr2c/Polr1f/Polr1g/Polr2d/Pola2/Taf13/Polr2k/Polr3h/Taf6l"
"GO:0005911","CC","GO:0005911","cell-cell junction",431,0.342498853746433,1.3971586859584,0.00199298598508259,0.0309321392253024,0.0258037458495593,3053,"tags=30%, list=22%, signal=24%","Ccn3/Aqp3/Obscn/Trpc4/Tenm2/Atp1a2/Pgm5/Kcnj11/Flrt1/Gjc3/Adcyap1r1/Lims2/Cldn1/Ank2/Des/Ctnnd2/Nexn/Aqp4/Akap6/Cdh22/Fxyd1/Nfasc/Scn4b/Abcb1a/Jcad/Cldn11/Tek/Atp7b/Synpo/Kcna2/Pdlim3/Sgca/Fzd5/Cldn5/Dst/Pdzd2/Jam2/Fzd4/Gja3/Itga4/Gsn/Ptpru/Cdh23/Pik3r1/Cadm3/Ncam1/Epb41l3/Gja5/Dpp4/Mpp2/Mylk/Nherf4/Podxl/Klhl24/Pdlim4/Tmem204/Ank3/Prkca/Skap1/P2rx7/Ngfr/C1qtnf5/Stx2/Tln2/Pmp22/Pard3b/Magi2/Mxra8/Flcn/Jam3/Ldb3/Dnmbp/Frmd4a/Arvcf/Kifc3/Gjb1/Pkd2/Sh3bp1/Scn1b/Kit/Arhgap24/Pard6g/Cgnl1/Tmem65/Dbn1/Frmd4b/Itk/Pecam1/Lck/Akr1b1/Rasip1/Sv2a/Mpp3/Prkd1/Ccdc85a/Nectin3/Erbin/Col13a1/Crb1/Itgb3/Pdlim2/Cyth3/Mpdz/Arhgef6/Flrt2/Ildr1/Usp53/Adam15/Pcdh12/Trpv4/Anxa6/Coro1a/Frmd6/Ctnnal1/Cntnap1/Gjc2/Cdc42bpa/Cdh13/Was/Vav1/Fndc1/Gjc1/Sorbs1/Ptpn6/Atp1b1/Lcp2/Pard6a/Fgfr4/Kirrel1/Sptan1/Abcb4"
"GO:0098685","CC","GO:0098685","Schaffer collateral - CA1 synapse",119,0.453090158749402,1.62406990013325,0.00262665115478839,0.0387064123927198,0.0322890835598264,1774,"tags=24%, list=13%, signal=21%","Ghrl/Ina/Syn1/Gria2/Syp/Adora2b/Chrm1/Pcdh8/Cacna1b/Snap91/Bsn/Apba1/Adrb1/Synpo/Apba2/Adora3/Slc16a7/Tamalin/Ncam1/Mpp2/Adcy1/P2rx3/Apbb1/Eea1/Ptprd/Lrrc4c/Ntng1/Akap12"
"GO:0030427","CC","GO:0030427","site of polarized growth",205,0.395319634855432,1.49965775738333,0.00360497298264846,0.0482041207229328,0.0402121195361286,1991,"tags=22%, list=14%, signal=19%","Stmn2/Tenm2/Elavl4/Chrna7/Gria2/Ndrg2/Slc2a13/Cdk5r2/Kif5a/Crp/Tmod2/Cnr1/Snap25/Rasgrf1/Map1b/Crmp1/Pclo/Shank2/Itga4/Rtn4r/Basp1/Utrn/Ncam1/Lrrk2/Pink1/Mapk8ip1/Nrp1/Myo1a/Apbb1/Cdkl5/Stim1/Ngfr/Dclk1/Smo/Adcy10/Tubb3/Auts2/Rapgef4/Fryl/Whrn/Ptch1/Adgrl1/Hdac5/Dbn1/Cdk5r1"
"GO:0004888","MF","GO:0004888","transmembrane signaling receptor activity",480,0.48103329552249,1.97435777187825,1.37275128287643e-14,2.47888300335236e-11,2.06789664767103e-11,2320,"tags=38%, list=17%, signal=33%","Tacr2/Cr2/Prlr/Gcgr/Musk/Trpv1/Fcamr/Casr/Avpr1b/Sstr1/Adgrb2/Gpr37/Ms4a2/Ackr2/Ptger3/Ptch2/Npy1r/Gfra2/Olr35/Hpgd/Chrna7/Adcyap1r1/Efemp1/Adora1/Gria2/Gabrb3/Fcmr/P2rx5/Adora2b/Lifr/Chrm1/Olr1585/Mrgprb2/Tacr1/Fgfr3/Tlr11/Edar/Cnr1/Pigr/Xcr1/Tgfbr3/Gpr85/Lepr/Abcc8/Gpr174/Ptger1/Adgre4/Ret/Fcrla/Adrb1/Gria4/Tlr12/Ptprt/Olr59/Tek/Ackr1/Gpr158/Klrd1/Cd27/Cysltr1/Vipr1/Sstr2/Lyve1/Flt3/Gpr150/Lilrb3/Gpr156/Tlr4/Fzd5/Ghr/Lilra5/Adora3/Gpr160/Lgr5/Gpr146/Fzd4/Mertk/Or5au1/Calcrl/Klri1/Hrh1/Rtn4r/Vipr2/Agtr1a/Flt4/Ccr2/Gabrr2/Gipr/Cxcr3/P2ry4/Ackr4/Ephb1/Tlr10/Gpr63/Nrp1/Adgrd1/Gpr52/Gpr65/Grin1/P2ry1/Lpar1/Sema5a/Adgrg3/P2rx3/Gpr141/Mrgprf/Abca1/Gpr18/Gpr88/Cd79b/Nrg2/P2rx1/Aplnr/Kdr/P2rx7/Ngfr/Chrm3/Ffar2/Ltk/Smo/Ddr2/Il27ra/Glp2r/Insr/Ror1/Ephb3/Acvr1b/Ptprc/Il13ra1-ps1/Adra1d/Unc5b/Klrk1/Fzd9/Robo1/P2ry12/Nlrp6/Ghrhr/Il18r1/Erbb2/Tie1/Ros1/Or51e1/Pth1r/Pkd1/Kit/Plxna3/Ptch1/P2rx2/Trem2/Adgrg7/Mrc1/Or13a27b/Adgrl1/Rxfp1/Ccr6/Il17rb/C3ar1/Gpr161/Acvrl1/Klrc3/Il20rb/P2ry13/Adgra2/Robo2/Adgrl4/Slc22a17/Adgrf5/Gpr20/Chrm2/Npr3/Lpar2/Ccr3/Tlr3/Pecam1/Grin2d/Tmem63a/Lgr4/P2rx6/Spn/Acvr1c/Plxnc1/Il17rc/Il13ra1/Abcc9"
"GO:0005261","MF","GO:0005261","monoatomic cation channel activity",186,0.580586667519499,2.18300761529941,2.81281678257423e-12,3.07320325044682e-09,2.56368158183194e-09,2334,"tags=44%, list=17%, signal=37%","Trpm3/Scn7a/Kcnd3/Trpv1/Trpc4/Kcnk16/Kcnh6/Kcnj11/Trpv3/Chrna7/Gria2/Scnn1g/P2rx5/Rimbp2/Scnn1b/Ryr2/Kcnb1/Trpm6/Scn3a/Cacna1b/Trpm5/Kcnq4/Abcc8/Piezo2/Scn4b/Pex5l/Scnn1a/Kcnk3/Snap25/Cacna1h/Kcnab1/Scn3b/Cacnb2/Kcna2/Cacnb1/Cacna1c/Cacna2d1/Kcnip3/Slc6a4/Kcnn3/Kcnh8/Ano1/Kcnj5/Kcnmb1/Kcnk5/Kcnd2/Kcng3/Itpr2/Lrrc26/Scn2b/Kcne2/Slc24a3/Kcnh1/Tmc1/Kcnk2/Grin1/Kcna6/P2rx3/Ryr1/P2rx1/P2rx7/Stim1/Kcnip2/Pkd2/Scn1b/Pkd1/P2rx2/Kcnj12/Kcnd1/Kcnab2/Cacna1a/Cacnb3/Calhm2/Fxyd4/Trpm4/Kcnn4/Grin2d/Tmem63a/P2rx6/Abcc9/Kcnq1"
"GO:0003735","MF","GO:0003735","structural constituent of ribosome",163,-0.60464455515214,-2.39481000487379,1.45377098674428e-11,1.11184405066202e-08,9.27505889542848e-09,3553,"tags=77%, list=26%, signal=58%","Rps9/Mrpl16/Mrpl13/Mrpl3/Rpl18a/Rpl22/Rps13/Rps6/Rpsa/Rpl18/Rpl13/Mrpl46/Mrpl18/Rpl8/Mrpl19/Rps5/Mrps25/Mrpl23/Fau/Mrps5/Rpl6/Rps8/Rpl37a/Rps27/Rpl21/Rps11/Mrpl57/Rpl19/Rpl23/Rplp2/Rpl15/Mrps14/Mrpl10/Mrps23/Rps29/Mrps18b/Mrpl1/Rpl26/Mrpl43/Rpl7l1/Rpl4/Rpl31/Ikzf4/Rps28/Rpl12/Mrpl30/Rpl7a/Mrpl37/Mrpl41/mrpl11/Rpl29/Mrps22/Mrpl27/Mrpl49/Mrps16/Rplp0/Rpl24/Rps27a-ps2/Rpl23a/Oscp1/Rps19/Rps14/Rps2/Uba52/Rpl32/Mrps11/Rpl27l1/Mrpl12/Rps15/Rps24/Rpl14/Rpl35a/Rpl17/Mrps12/Mrpl21/Mrpl20/Rpl28/Rps7-ps23/Rps10/Mrpl32/Rpl27/Rpl10a/Rps3/Rpl13a/Mrps2/Rpl11/Mrpl28/Rpl36al1/Rps16/Rpl34/Mrpl35/Mrps15/Rps15a/Rpl36/Rpl35/Rps21/Rps12/Rpl37/Mrpl22/Mrpl55/Mrps18c/Mrpl17/Rps27a/Rps18/Rps23/Rps25/Mrps7/Rps12l3/Rps17/Mrpl54/Rpl4-ps1/Mrps34/Rpl9/Mrpl4/Rpl38/Rps20/Rpl30l1/Rpl22l1/Rps27l/Rpl22-ps2/Rpl8-ps7/Rps4x-ps9/Rpl39/Rps17-ps14/Rpl37l1/Rps15al4"
"GO:0004857","MF","GO:0004857","enzyme inhibitor activity",262,-0.514568475094181,-2.16260749423655,1.67991663672312e-10,7.13777913203245e-08,5.95437119016305e-08,896,"tags=17%, list=7%, signal=16%","Rps20/Serpinb5/Serpina10/Cdkn1a/Cd55/Lxn/Trib3/Gapdh/Hspb1/Fetub/Dus2/Ppp1r14b-ps2/Spry4/Anxa2/Ppp1r36/Fry/Anxa1/Pkib/Birc5/Bst2/Anxa3/Serpinb8/Slit2/Adgrv1/Socs1/Angptl4/Tfpi2/Serpine1/Serpina3a/A2ml1/Csta3/C3/Socs3/Pinlyp/Serpinb2/Cdkn2a/Serpinb11/Spink4/Spink6/Wfdc21/Wfdc18/Serpinb13/Serpinb3/Serpinb3a"
"GO:0140678","MF","GO:0140678","molecular function inhibitor activity",345,-0.46859233947309,-2.02465168768794,2.71992040213707e-10,9.90569106454492e-08,8.26337722173072e-08,896,"tags=17%, list=7%, signal=16%","Col28a1/Nolc1/Pinx1/Cst7/Rps20/Serpinb5/Serpina10/Cdkn1a/Cd55/Lxn/Trib3/Gapdh/Hspb1/Fetub/Gpihbp1/Rad18/Dnajb1/Dus2/Ppp1r14b-ps2/Spry4/Anxa2/Ppp1r36/Fry/Anxa1/Pkib/Ly6e/Pcsk9/Birc5/Bst2/Bex3/Anxa3/Hspa1a/Fst/Ly6c/Alox15/Serpinb8/Slit2/Adgrv1/Socs1/Ly6i/Angptl4/Tfpi2/Serpine1/Serpina3a/A2ml1/Csta3/C3/Socs3/Pinlyp/Serpinb2/Cdkn2a/Serpinb11/Spink4/Spink6/Wfdc21/Wfdc18/Serpinb13/Serpinb3/Serpinb3a"
"GO:0022839","MF","GO:0022839","monoatomic ion gated channel activity",169,0.564035018049497,2.10409214012724,4.44979829816903e-10,1.23426679026523e-07,1.02963155359469e-07,2244,"tags=47%, list=16%, signal=40%","Scn7a/Kcnd3/Trpv1/Kcnk16/Kcnh6/Kcnj11/Chrna7/Gria2/Gabrb3/Scnn1g/P2rx5/Rimbp2/Scnn1b/Ryr2/Kcnb1/Scn3a/Cacna1b/Trpm5/Kcnq4/Piezo2/Scn4b/Pex5l/Scnn1a/Kcnk3/Snap25/Cacna1h/Kcnab1/Scn3b/Gria4/Cacnb2/Kcna2/Cacnb1/Cacna1c/Tmem150c/Cacna2d1/Kcnip3/Kcnn3/Kcnh8/Ano1/Kcnj5/Kcnmb1/Kcnk5/Kcnd2/Kcng3/Gabrr2/Clcn4/Itpr2/Lrrc26/Scn2b/Kcne2/Kcnh1/Tmc1/Kcnk2/Grin1/Kcna6/P2rx3/Ryr1/Cftr/P2rx1/P2rx7/Clic2/Clic5/Clic6/Kcnip2/Pkd2/Scn1b/P2rx2/Kcnj12/Kcnd1/Kcnab2/Clcnka/Cacna1a/Cacnb3/Trpm4/Tmc7/Kcnn4/Grin2d/Tmem63a/P2rx6"
"GO:0030545","MF","GO:0030545","signaling receptor regulator activity",298,-0.458214871538529,-1.96160818763324,3.06749564746604e-08,4.18932262711076e-06,3.49475396979166e-06,874,"tags=24%, list=6%, signal=23%","Ccl12/Efna5/Prom2/Metrn/Epgn/Sema3e/Cx3cl1/Pthlh/Gpihbp1/Fgf10/Clcf1/Apln/Jag2/Ccl7/Sema7a/Tac4/Ccl2/Stc2/Ccl4/Ly6e/Gdf15/Pcsk9/Retnlg/Mif/Ccl20/Adm2/Pdyn/Tnfsf9/Lif/Pglyrp1/Ccl9/Hspa1a/Tnfrsf11b/Erfe/Areg/Stc1/Fst/Nrg1/Ly6c/Inhbb/Thpol1/Slit2/Pgf/Il1b/Hbegf/Tac1/Fgf8/Ly6i/Tnf/Il23a/Ccl25/Adm/Il1a/Npy/Il10/Cxcl3/Sct/Cxcl6/Adipoq/Cxcl2/Osm/Cxcl1/Tnfsf11/Ereg/Il17a/Il17c/Nppb/Il22/Prl2a1/Csf3/Reg3g/Reg3b"
"GO:0043021","MF","GO:0043021","ribonucleoprotein complex binding",179,-0.50019296321618,-2.01962447535963,8.46625362094004e-07,7.46446115542694e-05,6.2268909743232e-05,4346,"tags=60%, list=32%, signal=42%","Eral1/Dnajc2/Ckap5/Hnrnpk/Taco1/Prmt7/Eri1/Mief1/Eif6/Afg2a/Hnrnpc/Snrpb2/Larp1/Srp54a/Eif1b/Cbx5/Secisbp2l/Tmco1/Gcn1/Dhx33/Rplp1/Pqbp1/Rpsa/Ezh2/Pes1/Zfp598/Rack1/Pelo/Gtpbp4/Dhx29/Snrpe/Pym1/Prpf31/Ptcd3/Rplp2/Mdm2/Xpo5/Malsu1/G3bp1/Eif3k/Tmem223/Abcf1/Derl3/Derl1/Nopchap1/Csnk2b/Ifrd2/Mrps27/Eif1/Srp19/Naa15/Gemin5/Nmd3/Eefsec/Snrpd1/Hspa5/Zfp593/Apobec1/Spcs1/Ppp1ca/Rpl35a/Snrpd3/Snd1/Snrpb/Ndufab1/Gadd45gip1/Rpn2/Eif4a3/Prmt3/Ola1/Abce1/Sec61a1/Rbm3/Snrpd2/Wdr12/Npm1/Strap/Ppih/Sec61g/Rpl35/Rps21/Ncln/Eif3c/Naa10/Prmt5/Eif2s1/Sec61b/Tma16/Timm50/C1qbp/Eif1a/Prmt1/Snrpc/Pttg1/Bop1/Cinp/Tmem147/Nolc1/Nme1/Snrpg/Snrpa/Ran/Shfl/Eif5a/Ybx2/Pim1/Uqcc5/Zc3h12a"
"GO:0005126","MF","GO:0005126","cytokine receptor binding",186,-0.469997792084014,-1.90664030540902,4.0742815335346e-06,0.000281112397363193,0.000234505373323374,874,"tags=19%, list=6%, signal=18%","Ccl12/Efna5/Ecm1/Tnfsf18/Cx3cl1/Clcf1/Osmr/Ccl7/Ccl2/Cadm4/Ccl4/Mif/Ccl20/Cd44/Tnfsf9/Bex3/Ebi3/Lif/Ccl9/Pgf/Il1b/Gata3/Ceacam1/Tnf/Il23a/Ccl25/Il1a/Il10/Cxcl3/Cxcl6/Cxcl2/Osm/Cxcl1/Tnfsf11/Prl2a1/Csf3"
"GO:0002020","MF","GO:0002020","protease binding",130,-0.507952888270829,-1.94525159141401,1.14199655314493e-05,0.000606527058225863,0.000505967917296157,1267,"tags=18%, list=9%, signal=17%","Ldlr/Pzp/Itga3/F2rl1/Flot2/Adamtsl4/Tnfrsf1a/Ecm1/Polg/Chl1/Anxa2/Casp12/Tnfrsf10b/Mif/F3/Tnfaip3/Hspa1a/Adamts4/Tnf/Serpine1/Lcn2/Serpinb13/Serpinb3/Serpinb3a"
"GO:0005509","MF","GO:0005509","calcium ion binding",466,0.38130809533254,1.55801967270841,2.12762427302543e-05,0.000992199417079175,0.000827697735481843,2182,"tags=28%, list=16%, signal=25%","Scgn/Aspn/Tenm2/Dchs2/Slit1/Casr/Nell1/Mmrn1/Pamr1/Dner/Nell2/Casq2/Efcab6/Pla2g10/Enpp2/Capn9/Efemp1/Ccbe1/Baiap3/Pcdh17/Ryr2/Fbln2/Otol1/Crp/Pcdh8/Cacna1b/Syt15/Efcc1/Tgm3/Rgn/Naaladl1/Cdh22/Dgkg/Chp2/Hmcn2/Adgre4/Capn8/Svep1/Rasgrp1/Ret/Hpgds/Plcd1/Pcdhb9/Sparcl1/Smoc2/Fbln7/Reps2/Clec3b/Pla2g2c/Sned1/S100g/Esyt3/Thbs4/Epdr1/Kcnip3/Atp2a3/Pcdh18/Shh/Sgca/Cracr2a/Capn13/Pclo/Myl9/Fbln1/Capn12/Pcdhb3/Egf/Pcdhb11/Clstn3/Ehd3/Pcdhb10/Dst/Matn2/Egflam/Gsn/Rhbdl3/Cdh23/Rasgrp2/Itpr2/Pcdhb5/P4htm/Pcdhb6l/Cdh4/Pitpnm3/Cgref1/Scube1/Grin1/Syt9/Ryr1/Slc25a23/Fat4/Asph/Stim1/Pcdhb2/S100a1/Cadps/Cabcoco1/Pcdhb16/Actn2/Ltbp3/Anxa13/Gas6/Clec4a3/Efhc1/Ihh/Cracr2b/Kcnip2/Plcb1/Lrp4/Npnt/Pkd2/Tubb4a/Fkbp7/Syt7/Pitpnm2/Matn4/Pcdh20/Rasgrp3/Syt13/Egfl7/Cdk5r1/Clec4a/Eef2k/Asah2/Adgrl4/Plcb2/Trpm4/Calm2-ps2/Rasef/Fam20c/Chp1/Pam"
"GO:0140104","MF","GO:0140104","molecular carrier activity",78,-0.585825748768884,-2.08490606950958,2.52329042804989e-05,0.00116253766227263,0.000969794754877007,3468,"tags=60%, list=25%, signal=45%","Mtch1/Ptma/Jdp2/Tnpo2/Myd88/Atp7a/Xpo4/Anp32e/Kpna3/Emc1/Kpnb1/Kpna4/Atox1/Xpo5/Cse1l/Mmgt1/Urm1/Xpo1/Nasp/Kpna2/Hsp90ab1/Get3/Emc7/Pwp1/Ipo9/Nubp2/Ipo4/Calr/Park7/Hikeshi/Emc4/Ndufab1/Emc8/Ipo5/Mtch2/Ranbp17/Nutf2/Timm9/Timm10/Emc6/Fxn/Ran/Hsp90aa1/Asf1b/Hba-a3/Hbb/Hba-a1"
"GO:0017046","MF","GO:0017046","peptide hormone binding",30,0.70573992923024,2.01517799765327,4.05547887249933e-05,0.00167655688739864,0.0013985921733268,1816,"tags=57%, list=13%, signal=49%","Prlr/Gcgr/Avpr1b/Adcyap1r1/Lepr/Slc40a1/Vipr1/Ghr/Calcrl/Vipr2/Pik3r1/Gipr/Glp2r/Insr/Npr2/Ghrhr/Pth1r"
"GO:0016247","MF","GO:0016247","channel regulator activity",99,0.524098479545874,1.83651560189291,5.10372133654631e-05,0.00196147039105056,0.00163626844860128,2428,"tags=39%, list=18%, signal=33%","Trpv1/Chrna7/Rrad/Mcub/Ank2/Fxyd1/Scn4b/Kcnab1/Scn3b/Cacnb2/Prkg1/Kcnip3/Fxyd6/Sgk1/Kcnmb1/Wnk2/Cav1/Lrrc26/Agt/Scn2b/Sgk2/Kcne2/Kcnk2/Prkcb/Slc15a1/Cftr/Stim1/Akap9/Kcnip2/Scn1b/Stx7/Kcnab2/Cacnb3/Fxyd4/Dpp6/Abcc9/Fxyd2/Tmem168/Rem1"
"GO:0140101","MF","GO:0140101","catalytic activity, acting on a tRNA",117,-0.494571911494667,-1.88524492155694,0.000135221131644954,0.00412020404310999,0.0034370948999793,3130,"tags=43%, list=23%, signal=33%","Qtrt1/Eprs1/Rars1/Alkbh1/Etf1/Ftsj1/Mettl2/Elac2/Kars1/Fars2/Trmt10a/Lars1/Yars2/Thg1l/Tsen2/Dus1l/Mars2/Sars1/Hars1/Mars1/Ptrh1/Lars2/Aarsd1/Farsa/Aars1/Wars1/Pop1/Pars2/Iars1/Tars1/Cars1/Rpp38/Nsun2/Rpp30/Pus1/Trmt10c/Trmt2a/Farsb/Gars1/Trmt9b/Nars1/Ptrhd1/Rpp25/Vars1/Ptrh2/Pop4/Trmt61a/Yars1/Dus2/Ggt1"
"GO:0004714","MF","GO:0004714","transmembrane receptor protein tyrosine kinase activity",46,0.630666754144772,1.96026348013952,0.000178050370796728,0.00517767770286454,0.00431924473643773,1826,"tags=43%, list=13%, signal=38%","Musk/Efemp1/Fgfr3/Ret/Tek/Flt3/Mertk/Flt4/Ephb1/Nrp1/Nrg2/Kdr/Ltk/Ddr2/Insr/Ephb3/Erbb2/Tie1/Ros1/Kit"
"GO:0030165","MF","GO:0030165","PDZ domain binding",92,0.504413542014352,1.7444380609166,0.000316246358985361,0.0079823503416503,0.00665891673375117,2269,"tags=29%, list=17%, signal=25%","Musk/Gpr37/Slc9a3/Gria2/Dtna/Cxxc4/Tgfbr3/Apba1/Adrb1/Sstr2/Lzts3/Fzd4/Tamalin/Mpp2/Sntg2/Ushbp1/Lpar1/Cftr/Sdc2/Lnx1/Synj2/Kcnj12/Nos1ap/Slc22a5/Lpar2/Arhgap29/Mpp3"
"GO:0003697","MF","GO:0003697","single-stranded DNA binding",115,-0.47250290614952,-1.7975036026436,0.000546239644811284,0.0121176542756402,0.0101086080385178,2918,"tags=40%, list=21%, signal=32%","Smc4/Ssbp1/Nol12/Mcm2/Pola1/Polr2g/Lonp1/Ptbp1/Ercc1/Mcm7/Mcm3/Fam111a/Polr2h/Mcm6/Ssbp3/Ddx11/Rpa3/Ncl/Rad51ap1/Alyref/Hmgb2l1/Blm/Rad51b/Tp53/Smc2/Hmgb2/Rpa2/Mcm4/Rad54l/Rad51/Mcm10/Mcm5/Ssbp4/Nme1/Cdc45/Hrob/Mcm8/Mms22l/Rad18/Nabp1/Recql4/Neil3/Anxa1/Pcbp3/Radx/Jchain"
"GO:0019843","MF","GO:0019843","rRNA binding",71,-0.529927172275692,-1.85671302675416,0.000580205578451299,0.0126422001823235,0.0105461868675763,4363,"tags=73%, list=32%, signal=50%","Rps4x/Eral1/Taco1/Rpl3/Eri1/Rcc1l/Hmgb1/Utp25/Mrps18a/Rps9/Mrpl16/Mterf4/Rps13/Mrpl18/Rpl8/Rps5/Rpl6/Rpl37a/Ptcd3/Rps11/Rpl19/Rpl23/Mdm2/Fastkd2/Nol12/Imp4/Mrps27/Brix1/Rpl4/Rpl12/mrpl11/Rrs1/Rplp0/Rpl23a/Ncl/Rpl17/Mrpl20/Rps3/Rpl11/Rpf2/Npm1/Ddx21/Rpl37/Mrps18c/Rps18/Mrps7/Ppan/Rpl9/Emg1/Rps4x-ps9/Rpl37l1/Rpl9-ps31"
"GO:0016782","MF","GO:0016782","transferase activity, transferring sulphur-containing groups",53,0.561212570966769,1.78925402075835,0.000578166679396833,0.0126422001823235,0.0105461868675763,3042,"tags=43%, list=22%, signal=34%","Sult1a1/Chst5/Wscd2/Sult4a1/Chst9/Chst8/Tstd1/Gal3st1/Chst7/Chst10/Chst4/Tst/Chst15/Ndst4/Gal3st4/Sult1c2a/Sult1c2/Dsel/Oxct1/Ndst1/Chst3/Chst2/Sugct"
"GO:0016614","MF","GO:0016614","oxidoreductase activity, acting on CH-OH group of donors",107,0.472462761788896,1.6709512218711,0.000718396305115415,0.0145737266353387,0.0121574759327224,2437,"tags=32%, list=18%, signal=26%","Akr1c14/Akr1c15/Hpgd/Akr7a3/Chdh/Aldh3a1/Hsd11b2/Bdh2/Akr1c13/Kcnab1/Adh1c/Hsd3b2/Srd5a2/Dhrs11/Adhfe1/Rdh16/Hsd17b2/Ehhadh/Gulo/Cyp27a1/Sdr42e1/Hsd17b13/Dhdh/Ldhd/Cbr3/Ptgr3/Akr1c19/Kcnab2/Akr1b1/Hsd3b3/Aldh3a2/Hibadh/Tdh/Hsd17b11"
"GO:0070492","MF","GO:0070492","oligosaccharide binding",13,-0.858459379218664,-2.06992047439172,0.000751490596859846,0.0150850395926092,0.0125840157689392,386,"tags=31%, list=3%, signal=30%","Selp/Lgals5/Reg3g/Reg3b"
"GO:0044325","MF","GO:0044325","transmembrane transporter binding",130,0.443218236514314,1.61400675084736,0.00125796668701951,0.0221831186506611,0.0185052689580567,2060,"tags=26%, list=15%, signal=22%","Kcnd3/Casr/Kcnj11/Rims1/Kcnb1/Ank2/Akap6/Abcc8/Scn4b/Snap25/Kcnab1/Scn3b/Ank1/Cacna1c/Kcnip3/Atp2a3/Fhl1/Cav1/Lrrk2/Itpr2/Lrrc26/Mpp2/Kcne2/Kcnh1/Ank3/Actn2/Akap9/Kcnip2/Pkd2/Scn1b/Pkd1/Kcnab2/Fyn/Pycard"
"GO:0016209","MF","GO:0016209","antioxidant activity",66,-0.54074364792266,-1.85599574312586,0.00132628567147912,0.0227942310460051,0.0190150619865994,624,"tags=23%, list=5%, signal=22%","Prdx6/Prdx1/Sod2/Nqo1/Txnrd1/Hp/Mgst1/Duox2/Hba-a3/Gpx2/Hbb/Hba-a1/Ptgs2/S100a8/S100a9"
"GO:0003743","MF","GO:0003743","translation initiation factor activity",46,-0.59330506608015,-1.89551392197415,0.00177483728427796,0.0289423359278419,0.0241438419481735,4238,"tags=78%, list=31%, signal=54%","Eif5/Eif2a/Eif3h/Eif4g2/Eif3e/Eif2b5/Eif4g1/Eif2s3/Eif6/Eif2b4/Eif3m/Eif1b/Eif3j/Eif3g/Eif2b2/Dhx29/Eif2b1/Eif3k/Eif4g3/Eif1/Eif2b3/Eif2d/Eif3b/Eif3i/Eif1ad/Rps24/Denr/Eif4e/Eif1ax/Eif3d/Eif3c/Eif2s1/Eif2s2/Eif4a1-ps8/Eif1a/Eif4a1"
"GO:0008236","MF","GO:0008236","serine-type peptidase activity",104,-0.454985820683955,-1.70314337506534,0.00182032258368253,0.0292475359663949,0.0243984413527196,1026,"tags=20%, list=7%, signal=19%","Pcsk4/Tmprss13/Gzma/Sec11c/C2/Pcsk9/Prss53/Gzmc/F3/Plau/Prss12/Hp/Htra4/Mmp9/Mmp8/Gzmf/Endou/Plat/Prss22/Mmp13/Cfi"
"GO:0042923","MF","GO:0042923","neuropeptide binding",11,0.791230505901022,1.77205388640655,0.00187528473987971,0.0298174172361747,0.0248738391692984,688,"tags=45%, list=5%, signal=43%","Sstr1/Gpr37/Npy1r/Adcyap1r1/Sstr2"
"GO:0042834","MF","GO:0042834","peptidoglycan binding",11,-0.830210319403186,-1.94836652127757,0.00280405578851796,0.0401359732097437,0.0334816303710989,358,"tags=55%, list=3%, signal=53%","Tlr2/Nod2/Pglyrp1/Jchain/Reg3g/Reg3b"
